id,nombre,costo_unitario,iva
12860,Tablet,342105,0.19
3398,Aspiradora robot,462038,0.19
21538,Cámara digital,303016,0.19
36876,Smartphone,333995,0.19
3009,Cámara digital,320961,0.19
36247,Televisor,327639,0.19
34425,Refrigeradora,280980,0.19
49235,Refrigeradora,176542,0.19
1676,Smartphone,159367,0.19
16808,Televisor,395009,0.19
34051,Micrófono USB,369853,0.19
2854,Refrigeradora,501442,0.19
38518,Smartphone,440785,0.19
49903,Refrigeradora,255010,0.19
1049,Aspiradora robot,352163,0.19
47293,Tablet,439098,0.19
46318,Auriculares inalámbricos,570204,0.19
31330,Tablet,368302,0.19
41191,Auriculares inalámbricos,248571,0.19
34404,Refrigeradora,385399,0.19
30632,Cámara digital,163863,0.19
15047,Laptop,342859,0.19
10424,Aspiradora robot,552635,0.19
42803,Tablet,450425,0.19
29934,Smartphone,247405,0.19
40242,Laptop,331226,0.19
19921,Tablet,216687,0.19
43882,Auriculares inalámbricos,536279,0.19
19972,Aspiradora robot,482270,0.19
9990,Impresora láser,580003,0.19
39657,Auriculares inalámbricos,571407,0.19
41195,Auriculares inalámbricos,558340,0.19
21315,Tablet,270574,0.19
34769,Cámara digital,199806,0.19
18583,Impresora láser,518235,0.19
41554,Smartphone,581059,0.19
18530,Smartphone,441308,0.19
41437,Laptop,516766,0.19
36816,Impresora láser,517044,0.19
346,Smartphone,266556,0.19
18938,Refrigeradora,173134,0.19
46627,Cámara digital,520990,0.19
37975,Smartphone,418275,0.19
16679,Refrigeradora,510787,0.19
42484,Tablet,306931,0.19
41378,Cámara digital,288628,0.19
23668,Micrófono USB,529684,0.19
28065,Cámara digital,325147,0.19
15456,Smartphone,249542,0.19
41418,Auriculares inalámbricos,460638,0.19
5478,Televisor,536960,0.19
28871,Impresora láser,476090,0.19
17410,Cámara digital,316379,0.19
48145,Tablet,155746,0.19
37973,Aspiradora robot,513500,0.19
19267,Cámara digital,376626,0.19
492,Televisor,586976,0.19
40899,Smartphone,391147,0.19
47672,Aspiradora robot,586949,0.19
30410,Impresora láser,522059,0.19
21877,Impresora láser,595737,0.19
30867,Impresora láser,193912,0.19
9023,Impresora láser,560614,0.19
14708,Micrófono USB,234784,0.19
32715,Impresora láser,493579,0.19
36825,Micrófono USB,262017,0.19
32277,Impresora láser,584352,0.19
43040,Impresora láser,187891,0.19
46987,Laptop,578399,0.19
22104,Impresora láser,431876,0.19
4702,Micrófono USB,363821,0.19
28882,Aspiradora robot,541003,0.19
17585,Aspiradora robot,500879,0.19
37416,Refrigeradora,212270,0.19
38749,Laptop,527316,0.19
33832,Aspiradora robot,410906,0.19
18176,Impresora láser,289763,0.19
15165,Impresora láser,395803,0.19
9433,Impresora láser,354081,0.19
16977,Cámara digital,371259,0.19
45044,Televisor,527701,0.19
29226,Refrigeradora,385087,0.19
7961,Televisor,316426,0.19
26666,Aspiradora robot,558180,0.19
4833,Aspiradora robot,490632,0.19
34216,Cámara digital,204580,0.19
19241,Smartphone,549472,0.19
30802,Tablet,413151,0.19
16496,Televisor,193647,0.19
6956,Laptop,364022,0.19
7574,Televisor,259677,0.19
43454,Aspiradora robot,217347,0.19
29687,Televisor,566715,0.19
31936,Auriculares inalámbricos,422320,0.19
41055,Televisor,193797,0.19
19011,Micrófono USB,273237,0.19
14603,Aspiradora robot,365647,0.19
36085,Refrigeradora,373765,0.19
34711,Televisor,272391,0.19
41658,Refrigeradora,337511,0.19
34085,Cámara digital,561566,0.19
18093,Auriculares inalámbricos,325587,0.19
29166,Cámara digital,542682,0.19
21233,Tablet,255478,0.19
49997,Impresora láser,456119,0.19
23688,Tablet,342836,0.19
47963,Tablet,556710,0.19
28492,Impresora láser,320914,0.19
7757,Tablet,348261,0.19
9678,Laptop,283773,0.19
28477,Impresora láser,548040,0.19
14832,Tablet,337197,0.19
1746,Refrigeradora,518521,0.19
23893,Smartphone,177438,0.19
39173,Micrófono USB,568053,0.19
46064,Smartphone,472127,0.19
28803,Cámara digital,249013,0.19
17047,Micrófono USB,172286,0.19
11959,Tablet,308118,0.19
11479,Tablet,391696,0.19
11729,Cámara digital,367062,0.19
38049,Smartphone,555597,0.19
39498,Micrófono USB,398244,0.19
37622,Laptop,253433,0.19
29995,Refrigeradora,481351,0.19
15359,Aspiradora robot,304284,0.19
22116,Laptop,250976,0.19
25237,Refrigeradora,153299,0.19
23183,Laptop,242077,0.19
48711,Refrigeradora,585065,0.19
13805,Micrófono USB,524847,0.19
36270,Televisor,150840,0.19
23803,Tablet,297717,0.19
42627,Televisor,549058,0.19
44886,Auriculares inalámbricos,528038,0.19
19585,Smartphone,395973,0.19
48106,Auriculares inalámbricos,237112,0.19
5873,Smartphone,453116,0.19
10954,Aspiradora robot,512322,0.19
48941,Tablet,549766,0.19
30918,Auriculares inalámbricos,309341,0.19
19063,Refrigeradora,365377,0.19
35861,Auriculares inalámbricos,509936,0.19
32520,Televisor,367522,0.19
4361,Smartphone,563347,0.19
23267,Auriculares inalámbricos,202919,0.19
1243,Auriculares inalámbricos,247984,0.19
26355,Micrófono USB,247348,0.19
19738,Tablet,281388,0.19
40310,Micrófono USB,341559,0.19
31468,Aspiradora robot,555365,0.19
41174,Micrófono USB,484255,0.19
15693,Micrófono USB,426423,0.19
46954,Smartphone,169337,0.19
45457,Cámara digital,374263,0.19
8187,Aspiradora robot,379760,0.19
24630,Televisor,254811,0.19
18336,Aspiradora robot,479288,0.19
37024,Smartphone,209543,0.19
42826,Auriculares inalámbricos,594569,0.19
12864,Aspiradora robot,163594,0.19
36826,Micrófono USB,429983,0.19
29719,Micrófono USB,165987,0.19
17910,Televisor,266150,0.19
42929,Micrófono USB,398687,0.19
13357,Tablet,567001,0.19
4240,Smartphone,574049,0.19
43918,Tablet,272946,0.19
46293,Tablet,329860,0.19
45002,Televisor,511747,0.19
39761,Impresora láser,348928,0.19
33017,Televisor,465474,0.19
17193,Refrigeradora,552888,0.19
26129,Auriculares inalámbricos,436049,0.19
1628,Televisor,455640,0.19
4523,Tablet,547299,0.19
17263,Aspiradora robot,297671,0.19
44888,Impresora láser,590920,0.19
49573,Micrófono USB,153930,0.19
28951,Impresora láser,153932,0.19
36860,Micrófono USB,478521,0.19
17077,Televisor,384198,0.19
5622,Refrigeradora,409571,0.19
48710,Smartphone,498490,0.19
31343,Cámara digital,191627,0.19
27684,Impresora láser,234968,0.19
13692,Micrófono USB,288537,0.19
38089,Cámara digital,435460,0.19
46989,Impresora láser,301968,0.19
21845,Aspiradora robot,233915,0.19
6861,Tablet,251737,0.19
49911,Cámara digital,362992,0.19
21351,Televisor,310057,0.19
10358,Impresora láser,501089,0.19
26165,Cámara digital,324611,0.19
18343,Laptop,565542,0.19
8312,Tablet,193753,0.19
30615,Televisor,415139,0.19
43741,Televisor,210544,0.19
23872,Refrigeradora,217673,0.19
25494,Refrigeradora,190834,0.19
18008,Tablet,269624,0.19
2182,Laptop,359695,0.19
10470,Auriculares inalámbricos,545729,0.19
22013,Micrófono USB,334235,0.19
35034,Laptop,337998,0.19
16417,Laptop,249863,0.19
36060,Refrigeradora,152771,0.19
15308,Smartphone,383463,0.19
30864,Smartphone,563843,0.19
18692,Auriculares inalámbricos,302949,0.19
20407,Laptop,344653,0.19
19119,Cámara digital,445897,0.19
6444,Refrigeradora,442994,0.19
19988,Micrófono USB,369123,0.19
22639,Smartphone,566658,0.19
21543,Impresora láser,541162,0.19
35225,Televisor,585547,0.19
11073,Refrigeradora,421673,0.19
48257,Refrigeradora,473676,0.19
10325,Televisor,328380,0.19
17743,Aspiradora robot,323438,0.19
24686,Smartphone,416014,0.19
636,Laptop,585338,0.19
13513,Auriculares inalámbricos,505641,0.19
20119,Impresora láser,554879,0.19
2074,Aspiradora robot,459028,0.19
22567,Laptop,592503,0.19
15497,Refrigeradora,305577,0.19
30696,Laptop,178253,0.19
43006,Impresora láser,252029,0.19
32732,Laptop,527518,0.19
21452,Auriculares inalámbricos,324708,0.19
26372,Cámara digital,486707,0.19
37999,Impresora láser,243865,0.19
18913,Refrigeradora,560948,0.19
26222,Laptop,422997,0.19
6136,Micrófono USB,588358,0.19
44611,Refrigeradora,215613,0.19
49795,Laptop,237108,0.19
17475,Tablet,329586,0.19
14261,Laptop,291530,0.19
42154,Laptop,376885,0.19
34946,Smartphone,280734,0.19
13156,Smartphone,402938,0.19
21642,Tablet,225874,0.19
18110,Cámara digital,548799,0.19
6571,Impresora láser,158738,0.19
46752,Televisor,185571,0.19
31347,Refrigeradora,374918,0.19
27436,Refrigeradora,366781,0.19
32583,Impresora láser,313384,0.19
37738,Aspiradora robot,552497,0.19
44994,Micrófono USB,174716,0.19
5397,Micrófono USB,244464,0.19
22552,Aspiradora robot,337758,0.19
46889,Tablet,496393,0.19
13809,Refrigeradora,491699,0.19
20877,Smartphone,231444,0.19
23899,Televisor,329819,0.19
28977,Aspiradora robot,164733,0.19
29095,Tablet,583534,0.19
23451,Auriculares inalámbricos,242361,0.19
2051,Auriculares inalámbricos,413049,0.19
10575,Smartphone,343961,0.19
41373,Smartphone,165231,0.19
40704,Cámara digital,266598,0.19
27645,Aspiradora robot,426528,0.19
1497,Impresora láser,500988,0.19
15155,Auriculares inalámbricos,546948,0.19
5629,Cámara digital,385656,0.19
19082,Micrófono USB,341560,0.19
28078,Impresora láser,289711,0.19
26130,Refrigeradora,377293,0.19
19241,Smartphone,405547,0.19
48685,Refrigeradora,208106,0.19
11603,Micrófono USB,260245,0.19
22166,Tablet,388272,0.19
7968,Impresora láser,214728,0.19
6940,Smartphone,358224,0.19
13698,Micrófono USB,359575,0.19
24229,Auriculares inalámbricos,243055,0.19
41215,Laptop,166792,0.19
13118,Laptop,525001,0.19
29255,Laptop,401745,0.19
7134,Cámara digital,496390,0.19
45150,Micrófono USB,352159,0.19
22735,Impresora láser,347879,0.19
44008,Laptop,587253,0.19
7229,Micrófono USB,517133,0.19
36785,Laptop,272033,0.19
37304,Refrigeradora,564681,0.19
34585,Refrigeradora,169843,0.19
17981,Impresora láser,367303,0.19
33628,Tablet,388606,0.19
31777,Cámara digital,590470,0.19
36558,Laptop,283819,0.19
24524,Laptop,197874,0.19
22605,Auriculares inalámbricos,178996,0.19
33070,Micrófono USB,213579,0.19
18638,Cámara digital,356780,0.19
37667,Televisor,423168,0.19
43846,Aspiradora robot,381911,0.19
34008,Televisor,171035,0.19
46495,Smartphone,353122,0.19
19166,Smartphone,593249,0.19
16767,Cámara digital,241990,0.19
25419,Tablet,358410,0.19
28182,Televisor,328518,0.19
6095,Tablet,584333,0.19
19882,Refrigeradora,449860,0.19
40917,Televisor,549598,0.19
18186,Auriculares inalámbricos,487445,0.19
5171,Aspiradora robot,539920,0.19
6294,Aspiradora robot,204431,0.19
10195,Tablet,456827,0.19
48849,Micrófono USB,569450,0.19
18837,Refrigeradora,266876,0.19
13104,Refrigeradora,422499,0.19
6718,Tablet,311620,0.19
45170,Auriculares inalámbricos,397876,0.19
31856,Aspiradora robot,269840,0.19
24499,Refrigeradora,488340,0.19
8613,Laptop,427230,0.19
15250,Cámara digital,178833,0.19
750,Tablet,582714,0.19
46416,Cámara digital,508155,0.19
42411,Televisor,507560,0.19
23905,Impresora láser,428901,0.19
17528,Refrigeradora,377882,0.19
41157,Auriculares inalámbricos,505957,0.19
13923,Cámara digital,235574,0.19
1706,Tablet,257606,0.19
44253,Smartphone,429626,0.19
39555,Cámara digital,307180,0.19
2748,Tablet,484221,0.19
16067,Micrófono USB,563723,0.19
25102,Smartphone,212277,0.19
4748,Impresora láser,387490,0.19
24649,Auriculares inalámbricos,348040,0.19
34381,Laptop,287936,0.19
46684,Smartphone,188264,0.19
29077,Aspiradora robot,451467,0.19
36928,Televisor,295246,0.19
33518,Refrigeradora,564921,0.19
2401,Micrófono USB,361095,0.19
20485,Televisor,346371,0.19
12455,Impresora láser,361703,0.19
31600,Micrófono USB,205562,0.19
23209,Televisor,336023,0.19
24046,Laptop,400192,0.19
11578,Laptop,555217,0.19
16290,Aspiradora robot,576957,0.19
2181,Micrófono USB,388537,0.19
7656,Micrófono USB,366265,0.19
17931,Impresora láser,530817,0.19
48155,Laptop,161444,0.19
11096,Laptop,347632,0.19
18621,Smartphone,361478,0.19
15616,Micrófono USB,351858,0.19
28033,Smartphone,184186,0.19
20855,Aspiradora robot,506862,0.19
44304,Micrófono USB,256568,0.19
769,Laptop,295388,0.19
41955,Aspiradora robot,424269,0.19
8728,Smartphone,345454,0.19
10513,Micrófono USB,189928,0.19
10221,Refrigeradora,536336,0.19
44273,Televisor,422764,0.19
23959,Impresora láser,160088,0.19
29650,Micrófono USB,599048,0.19
1430,Impresora láser,260768,0.19
41545,Laptop,477717,0.19
1536,Impresora láser,499676,0.19
25975,Cámara digital,387071,0.19
18664,Aspiradora robot,192208,0.19
17446,Cámara digital,217949,0.19
15408,Cámara digital,564347,0.19
27909,Cámara digital,243055,0.19
1187,Smartphone,410756,0.19
46447,Impresora láser,237921,0.19
10881,Televisor,526780,0.19
27504,Auriculares inalámbricos,588459,0.19
48038,Smartphone,351577,0.19
22069,Cámara digital,180001,0.19
32376,Televisor,415531,0.19
9318,Impresora láser,599354,0.19
33983,Impresora láser,351484,0.19
47611,Cámara digital,473045,0.19
48411,Tablet,295999,0.19
23938,Impresora láser,246730,0.19
29720,Micrófono USB,333317,0.19
27974,Aspiradora robot,485712,0.19
18812,Impresora láser,328757,0.19
1103,Impresora láser,232664,0.19
33339,Tablet,205559,0.19
22548,Micrófono USB,170567,0.19
22622,Aspiradora robot,504925,0.19
33090,Laptop,472656,0.19
16841,Refrigeradora,282848,0.19
32445,Aspiradora robot,518378,0.19
47198,Aspiradora robot,432687,0.19
48508,Laptop,352805,0.19
44113,Aspiradora robot,551790,0.19
35861,Auriculares inalámbricos,350871,0.19
30348,Cámara digital,423650,0.19
1109,Impresora láser,579415,0.19
14918,Smartphone,257499,0.19
31715,Cámara digital,287486,0.19
19797,Impresora láser,178634,0.19
44104,Aspiradora robot,428668,0.19
36943,Tablet,250508,0.19
31861,Smartphone,317994,0.19
21637,Laptop,250349,0.19
15526,Cámara digital,286070,0.19
19750,Impresora láser,423099,0.19
1022,Tablet,541678,0.19
49333,Laptop,291363,0.19
10744,Refrigeradora,182019,0.19
18080,Laptop,197290,0.19
525,Aspiradora robot,559148,0.19
46749,Micrófono USB,535279,0.19
1392,Televisor,429950,0.19
21466,Refrigeradora,485912,0.19
10694,Aspiradora robot,273264,0.19
10856,Micrófono USB,405260,0.19
5103,Impresora láser,568348,0.19
4267,Tablet,277731,0.19
14847,Micrófono USB,555614,0.19
14868,Impresora láser,535129,0.19
46793,Impresora láser,544614,0.19
38390,Televisor,340676,0.19
28480,Smartphone,349738,0.19
35604,Auriculares inalámbricos,551100,0.19
8649,Televisor,259415,0.19
24150,Impresora láser,172574,0.19
41628,Impresora láser,545983,0.19
6809,Aspiradora robot,428413,0.19
25290,Aspiradora robot,226681,0.19
18765,Aspiradora robot,245686,0.19
37675,Aspiradora robot,298913,0.19
31749,Aspiradora robot,328237,0.19
41472,Cámara digital,362439,0.19
22371,Micrófono USB,321395,0.19
15691,Televisor,510224,0.19
6330,Impresora láser,390548,0.19
13073,Micrófono USB,573162,0.19
11642,Cámara digital,266692,0.19
14885,Cámara digital,238467,0.19
33539,Auriculares inalámbricos,274972,0.19
1352,Refrigeradora,212745,0.19
2808,Laptop,266511,0.19
25922,Laptop,382060,0.19
28510,Micrófono USB,425215,0.19
49285,Micrófono USB,233803,0.19
19936,Impresora láser,434926,0.19
28417,Tablet,337319,0.19
22419,Laptop,329243,0.19
19853,Auriculares inalámbricos,270923,0.19
4628,Auriculares inalámbricos,235618,0.19
13759,Auriculares inalámbricos,415032,0.19
29708,Televisor,224309,0.19
33936,Micrófono USB,471069,0.19
38306,Auriculares inalámbricos,253110,0.19
38528,Aspiradora robot,259876,0.19
4953,Aspiradora robot,527397,0.19
35731,Laptop,575992,0.19
38189,Laptop,542849,0.19
868,Laptop,493348,0.19
28834,Laptop,578315,0.19
12405,Laptop,263957,0.19
2126,Laptop,499669,0.19
7786,Auriculares inalámbricos,356748,0.19
26254,Impresora láser,295421,0.19
41575,Tablet,202364,0.19
44833,Aspiradora robot,559005,0.19
20246,Aspiradora robot,576961,0.19
13946,Aspiradora robot,563784,0.19
18293,Tablet,212070,0.19
18197,Cámara digital,290919,0.19
2867,Televisor,554240,0.19
27496,Smartphone,504629,0.19
43001,Smartphone,260723,0.19
37881,Cámara digital,269647,0.19
42019,Auriculares inalámbricos,349705,0.19
45909,Televisor,199819,0.19
7400,Laptop,370837,0.19
15654,Refrigeradora,162974,0.19
33209,Aspiradora robot,435941,0.19
39081,Smartphone,525263,0.19
12949,Micrófono USB,399934,0.19
10905,Tablet,334815,0.19
20016,Refrigeradora,412693,0.19
4741,Aspiradora robot,360130,0.19
25226,Auriculares inalámbricos,479905,0.19
33190,Cámara digital,520620,0.19
45054,Micrófono USB,199241,0.19
48619,Laptop,332059,0.19
25040,Cámara digital,180985,0.19
10494,Auriculares inalámbricos,509128,0.19
1060,Refrigeradora,583675,0.19
15442,Aspiradora robot,284460,0.19
8338,Tablet,580321,0.19
6509,Smartphone,385968,0.19
11427,Cámara digital,403027,0.19
22736,Auriculares inalámbricos,468990,0.19
26833,Laptop,248763,0.19
14379,Refrigeradora,526672,0.19
36345,Refrigeradora,359870,0.19
31667,Cámara digital,459244,0.19
41464,Micrófono USB,266315,0.19
44373,Televisor,578280,0.19
36896,Cámara digital,536057,0.19
31529,Micrófono USB,337972,0.19
32643,Impresora láser,278396,0.19
45806,Auriculares inalámbricos,409789,0.19
15313,Laptop,395932,0.19
47497,Auriculares inalámbricos,455249,0.19
14321,Laptop,522716,0.19
12291,Tablet,426462,0.19
27598,Aspiradora robot,451149,0.19
14460,Laptop,288672,0.19
19118,Televisor,226689,0.19
20225,Televisor,573928,0.19
44954,Refrigeradora,311233,0.19
17542,Laptop,316770,0.19
10779,Refrigeradora,354778,0.19
17257,Televisor,392649,0.19
19884,Tablet,563370,0.19
12021,Micrófono USB,467202,0.19
28391,Laptop,200242,0.19
16750,Televisor,572189,0.19
30606,Impresora láser,281436,0.19
14813,Smartphone,545510,0.19
10509,Laptop,155916,0.19
45049,Televisor,428775,0.19
5343,Impresora láser,397975,0.19
38491,Televisor,432367,0.19
38596,Aspiradora robot,170483,0.19
45807,Impresora láser,182788,0.19
27077,Impresora láser,194781,0.19
1549,Cámara digital,355254,0.19
44019,Refrigeradora,358429,0.19
7806,Refrigeradora,513439,0.19
23533,Smartphone,156176,0.19
39150,Micrófono USB,285818,0.19
39814,Aspiradora robot,575918,0.19
13302,Televisor,413746,0.19
33239,Refrigeradora,153643,0.19
19153,Laptop,331262,0.19
5160,Aspiradora robot,375909,0.19
10721,Aspiradora robot,566095,0.19
20080,Aspiradora robot,245479,0.19
16265,Laptop,458626,0.19
27487,Laptop,205700,0.19
45170,Televisor,281946,0.19
29512,Cámara digital,217035,0.19
15026,Laptop,246774,0.19
16084,Aspiradora robot,395079,0.19
16011,Cámara digital,407673,0.19
12970,Impresora láser,558482,0.19
35953,Aspiradora robot,182465,0.19
38204,Aspiradora robot,499598,0.19
25931,Auriculares inalámbricos,223187,0.19
38345,Impresora láser,155862,0.19
43981,Refrigeradora,475501,0.19
22054,Auriculares inalámbricos,390686,0.19
10042,Impresora láser,280799,0.19
9568,Tablet,363837,0.19
21743,Laptop,179285,0.19
20523,Micrófono USB,540822,0.19
34651,Televisor,171374,0.19
31900,Micrófono USB,260123,0.19
32294,Refrigeradora,512087,0.19
35103,Auriculares inalámbricos,528941,0.19
19555,Televisor,581923,0.19
37636,Aspiradora robot,199837,0.19
32224,Televisor,427600,0.19
45555,Cámara digital,513796,0.19
25337,Smartphone,526920,0.19
40006,Impresora láser,312446,0.19
15674,Smartphone,304366,0.19
26991,Smartphone,539632,0.19
45156,Impresora láser,238593,0.19
43890,Aspiradora robot,226861,0.19
44179,Micrófono USB,353610,0.19
25985,Cámara digital,346998,0.19
23769,Micrófono USB,448249,0.19
32019,Impresora láser,200416,0.19
17207,Auriculares inalámbricos,164124,0.19
33257,Cámara digital,197932,0.19
15111,Laptop,333560,0.19
17698,Micrófono USB,573453,0.19
20010,Televisor,170846,0.19
21929,Cámara digital,589526,0.19
9437,Refrigeradora,561587,0.19
12847,Laptop,544727,0.19
8199,Auriculares inalámbricos,432514,0.19
28979,Cámara digital,547642,0.19
37993,Refrigeradora,287891,0.19
17301,Auriculares inalámbricos,536999,0.19
16585,Cámara digital,289235,0.19
31071,Cámara digital,576789,0.19
30963,Refrigeradora,408132,0.19
15225,Refrigeradora,223298,0.19
17456,Laptop,322179,0.19
1899,Micrófono USB,522223,0.19
11855,Refrigeradora,582283,0.19
20332,Refrigeradora,597343,0.19
35347,Micrófono USB,582394,0.19
38614,Impresora láser,168585,0.19
19003,Tablet,440507,0.19
8141,Laptop,178731,0.19
5450,Micrófono USB,313256,0.19
7429,Auriculares inalámbricos,417443,0.19
17671,Micrófono USB,286002,0.19
44161,Micrófono USB,534368,0.19
21295,Refrigeradora,286232,0.19
18462,Micrófono USB,220219,0.19
687,Aspiradora robot,550055,0.19
6067,Tablet,448284,0.19
18826,Smartphone,501605,0.19
40367,Televisor,340336,0.19
28696,Refrigeradora,515507,0.19
13319,Smartphone,597203,0.19
21426,Cámara digital,449710,0.19
10320,Cámara digital,206437,0.19
41577,Smartphone,452180,0.19
25437,Smartphone,270129,0.19
32985,Tablet,496601,0.19
2748,Tablet,524829,0.19
47436,Laptop,433807,0.19
32982,Televisor,572312,0.19
15079,Laptop,226630,0.19
29035,Aspiradora robot,593339,0.19
9554,Laptop,294310,0.19
25113,Impresora láser,299612,0.19
9239,Laptop,310021,0.19
37737,Micrófono USB,474161,0.19
43892,Aspiradora robot,293090,0.19
46882,Auriculares inalámbricos,561036,0.19
46673,Tablet,379258,0.19
49019,Televisor,469706,0.19
182,Smartphone,599918,0.19
1057,Auriculares inalámbricos,198481,0.19
21788,Micrófono USB,501534,0.19
1368,Smartphone,499031,0.19
22149,Cámara digital,237588,0.19
38695,Tablet,269898,0.19
16553,Micrófono USB,334507,0.19
39308,Smartphone,597662,0.19
5332,Smartphone,371916,0.19
33174,Aspiradora robot,433371,0.19
43408,Tablet,207708,0.19
24600,Laptop,192460,0.19
18779,Micrófono USB,263660,0.19
805,Micrófono USB,402672,0.19
27463,Aspiradora robot,375285,0.19
4003,Cámara digital,480005,0.19
33002,Cámara digital,253748,0.19
27681,Refrigeradora,161122,0.19
46990,Cámara digital,223080,0.19
26717,Auriculares inalámbricos,253745,0.19
34944,Laptop,477718,0.19
224,Laptop,301426,0.19
1226,Televisor,487733,0.19
42058,Refrigeradora,348012,0.19
33255,Aspiradora robot,331727,0.19
11628,Televisor,524179,0.19
43874,Micrófono USB,199633,0.19
44911,Impresora láser,221990,0.19
6164,Impresora láser,481002,0.19
30020,Laptop,509754,0.19
41775,Micrófono USB,234031,0.19
1951,Impresora láser,406520,0.19
33687,Auriculares inalámbricos,371480,0.19
11184,Auriculares inalámbricos,304064,0.19
31609,Tablet,189276,0.19
6478,Televisor,475033,0.19
47470,Impresora láser,289317,0.19
8442,Impresora láser,363891,0.19
14825,Laptop,423686,0.19
2573,Micrófono USB,561686,0.19
28323,Televisor,246838,0.19
43190,Smartphone,534034,0.19
9071,Aspiradora robot,337213,0.19
15263,Laptop,373581,0.19
27455,Laptop,533707,0.19
5963,Auriculares inalámbricos,489841,0.19
32340,Impresora láser,598789,0.19
39103,Impresora láser,430295,0.19
6905,Impresora láser,529766,0.19
9016,Cámara digital,272324,0.19
11575,Televisor,199645,0.19
34089,Aspiradora robot,501978,0.19
44919,Aspiradora robot,530556,0.19
41008,Tablet,363630,0.19
10163,Refrigeradora,403933,0.19
36702,Impresora láser,365600,0.19
282,Auriculares inalámbricos,522227,0.19
42671,Smartphone,454021,0.19
47494,Cámara digital,322165,0.19
37765,Televisor,348125,0.19
6975,Impresora láser,266538,0.19
18885,Aspiradora robot,201157,0.19
12911,Televisor,412987,0.19
30115,Auriculares inalámbricos,346259,0.19
14318,Micrófono USB,351570,0.19
39295,Laptop,542257,0.19
27431,Laptop,166389,0.19
4420,Impresora láser,379377,0.19
26704,Micrófono USB,237186,0.19
24645,Auriculares inalámbricos,441900,0.19
45131,Tablet,248188,0.19
39113,Tablet,382912,0.19
15109,Cámara digital,356761,0.19
31901,Cámara digital,251442,0.19
2437,Cámara digital,411513,0.19
22982,Refrigeradora,189361,0.19
21397,Refrigeradora,567786,0.19
33787,Impresora láser,507767,0.19
14495,Cámara digital,548316,0.19
5613,Auriculares inalámbricos,287863,0.19
42347,Laptop,442810,0.19
20300,Laptop,291207,0.19
22867,Laptop,392591,0.19
34750,Tablet,418949,0.19
35799,Micrófono USB,291152,0.19
25006,Laptop,449124,0.19
30283,Impresora láser,574618,0.19
46432,Aspiradora robot,527890,0.19
48031,Auriculares inalámbricos,251029,0.19
25016,Refrigeradora,466023,0.19
28670,Impresora láser,311142,0.19
43065,Cámara digital,388448,0.19
43674,Micrófono USB,293504,0.19
20318,Tablet,296135,0.19
12279,Laptop,467069,0.19
27023,Televisor,364551,0.19
40517,Cámara digital,443265,0.19
15657,Micrófono USB,364058,0.19
42014,Smartphone,419655,0.19
41643,Micrófono USB,291429,0.19
45449,Laptop,498872,0.19
34634,Impresora láser,462019,0.19
2949,Smartphone,543685,0.19
5705,Televisor,539104,0.19
273,Televisor,287603,0.19
35109,Aspiradora robot,565197,0.19
22398,Tablet,470901,0.19
48026,Auriculares inalámbricos,251893,0.19
5498,Micrófono USB,197097,0.19
39063,Cámara digital,541528,0.19
37012,Laptop,526131,0.19
41092,Aspiradora robot,274641,0.19
4976,Auriculares inalámbricos,455655,0.19
48383,Auriculares inalámbricos,252002,0.19
36119,Smartphone,348372,0.19
45612,Auriculares inalámbricos,368941,0.19
40637,Tablet,422632,0.19
39158,Cámara digital,378700,0.19
19253,Tablet,291859,0.19
37203,Impresora láser,226686,0.19
40142,Refrigeradora,241076,0.19
13031,Laptop,326667,0.19
14667,Tablet,267980,0.19
10886,Impresora láser,464957,0.19
21970,Tablet,297084,0.19
45385,Tablet,347053,0.19
16904,Aspiradora robot,362225,0.19
16672,Laptop,522740,0.19
34556,Laptop,400364,0.19
28778,Cámara digital,425614,0.19
49783,Auriculares inalámbricos,235206,0.19
21615,Televisor,412440,0.19
19096,Aspiradora robot,266216,0.19
21544,Laptop,234541,0.19
2047,Laptop,515324,0.19
21601,Tablet,440399,0.19
2477,Auriculares inalámbricos,471225,0.19
41162,Micrófono USB,478650,0.19
29802,Refrigeradora,330092,0.19
18677,Impresora láser,186038,0.19
30940,Tablet,274793,0.19
12712,Aspiradora robot,250198,0.19
40103,Impresora láser,443655,0.19
10472,Aspiradora robot,592322,0.19
14735,Cámara digital,243741,0.19
35877,Cámara digital,316942,0.19
44598,Micrófono USB,382231,0.19
21342,Aspiradora robot,541194,0.19
9379,Refrigeradora,205995,0.19
40946,Televisor,226346,0.19
2989,Cámara digital,324112,0.19
4021,Impresora láser,194984,0.19
37428,Aspiradora robot,599597,0.19
18574,Smartphone,352987,0.19
43037,Televisor,236314,0.19
39848,Refrigeradora,251696,0.19
33878,Tablet,272809,0.19
30534,Auriculares inalámbricos,204100,0.19
45252,Auriculares inalámbricos,524419,0.19
10014,Laptop,508593,0.19
20795,Auriculares inalámbricos,323052,0.19
2448,Auriculares inalámbricos,405210,0.19
20014,Tablet,588644,0.19
28579,Auriculares inalámbricos,287648,0.19
39297,Cámara digital,330067,0.19
9886,Tablet,469018,0.19
47175,Laptop,520883,0.19
34755,Impresora láser,207318,0.19
17038,Auriculares inalámbricos,451803,0.19
47101,Televisor,368532,0.19
39,Micrófono USB,304851,0.19
23449,Refrigeradora,543997,0.19
5885,Televisor,528324,0.19
23787,Televisor,242205,0.19
17546,Televisor,332416,0.19
26551,Laptop,333044,0.19
46359,Televisor,402528,0.19
3585,Refrigeradora,224644,0.19
47410,Smartphone,577340,0.19
23931,Smartphone,377818,0.19
16755,Aspiradora robot,306745,0.19
46436,Tablet,594797,0.19
27825,Auriculares inalámbricos,238180,0.19
46085,Cámara digital,286912,0.19
11158,Micrófono USB,205731,0.19
23895,Smartphone,368360,0.19
7571,Smartphone,456061,0.19
33227,Cámara digital,214943,0.19
9624,Televisor,249647,0.19
49307,Smartphone,161810,0.19
48972,Impresora láser,227501,0.19
40712,Televisor,426269,0.19
10525,Televisor,229009,0.19
29193,Laptop,337032,0.19
32282,Refrigeradora,388785,0.19
25128,Smartphone,335529,0.19
14051,Cámara digital,392112,0.19
30194,Auriculares inalámbricos,563478,0.19
47680,Smartphone,415097,0.19
38961,Cámara digital,586074,0.19
10086,Tablet,385027,0.19
16776,Auriculares inalámbricos,509690,0.19
11899,Refrigeradora,398703,0.19
765,Laptop,480028,0.19
18857,Cámara digital,225569,0.19
42994,Micrófono USB,516784,0.19
27455,Tablet,277604,0.19
45536,Micrófono USB,302631,0.19
24983,Micrófono USB,368754,0.19
17882,Aspiradora robot,406066,0.19
15521,Smartphone,319278,0.19
26108,Refrigeradora,299030,0.19
27357,Impresora láser,250832,0.19
44734,Laptop,468355,0.19
20206,Cámara digital,363040,0.19
15427,Aspiradora robot,224294,0.19
22761,Laptop,392700,0.19
30001,Smartphone,411003,0.19
8684,Auriculares inalámbricos,486763,0.19
15916,Aspiradora robot,338717,0.19
23060,Micrófono USB,445470,0.19
28782,Impresora láser,300327,0.19
30158,Tablet,355685,0.19
23834,Micrófono USB,537984,0.19
34921,Laptop,391455,0.19
4546,Refrigeradora,380626,0.19
43715,Televisor,281751,0.19
35291,Refrigeradora,530366,0.19
34796,Laptop,571292,0.19
380,Aspiradora robot,339130,0.19
13709,Impresora láser,451045,0.19
39024,Micrófono USB,158888,0.19
33658,Smartphone,473099,0.19
21762,Laptop,283385,0.19
7423,Micrófono USB,190502,0.19
7805,Laptop,405177,0.19
30237,Smartphone,493986,0.19
12831,Televisor,521336,0.19
16562,Laptop,271370,0.19
26266,Cámara digital,582727,0.19
40547,Televisor,306108,0.19
32646,Smartphone,384642,0.19
4956,Refrigeradora,485511,0.19
48063,Micrófono USB,485769,0.19
6085,Cámara digital,340416,0.19
31603,Refrigeradora,539941,0.19
40107,Refrigeradora,281818,0.19
39326,Cámara digital,208829,0.19
40036,Smartphone,461191,0.19
49615,Refrigeradora,316848,0.19
19350,Smartphone,306998,0.19
44194,Micrófono USB,256033,0.19
2672,Micrófono USB,480204,0.19
24614,Aspiradora robot,406489,0.19
16377,Auriculares inalámbricos,357096,0.19
34531,Micrófono USB,553055,0.19
20814,Micrófono USB,466606,0.19
44707,Auriculares inalámbricos,408548,0.19
3201,Aspiradora robot,289925,0.19
35401,Micrófono USB,538324,0.19
22035,Impresora láser,413071,0.19
38150,Cámara digital,326060,0.19
29495,Micrófono USB,198168,0.19
39761,Cámara digital,518838,0.19
23718,Laptop,516368,0.19
37913,Tablet,228166,0.19
46155,Smartphone,219392,0.19
12375,Televisor,228672,0.19
37757,Micrófono USB,295223,0.19
24127,Cámara digital,292255,0.19
21734,Laptop,531748,0.19
22426,Micrófono USB,252431,0.19
33946,Refrigeradora,376358,0.19
33053,Laptop,196148,0.19
48103,Tablet,507135,0.19
11276,Impresora láser,293290,0.19
32571,Auriculares inalámbricos,374736,0.19
17736,Cámara digital,404884,0.19
36882,Laptop,529623,0.19
30461,Aspiradora robot,495033,0.19
34244,Refrigeradora,451243,0.19
18567,Laptop,264142,0.19
21638,Auriculares inalámbricos,391867,0.19
44745,Smartphone,167622,0.19
28137,Impresora láser,468337,0.19
5176,Cámara digital,223247,0.19
9743,Smartphone,315800,0.19
49767,Impresora láser,310136,0.19
597,Impresora láser,576827,0.19
13876,Smartphone,383952,0.19
38347,Cámara digital,267366,0.19
17206,Aspiradora robot,213154,0.19
34646,Impresora láser,566944,0.19
46458,Televisor,454533,0.19
6820,Aspiradora robot,369298,0.19
29063,Smartphone,264925,0.19
4491,Smartphone,390409,0.19
4833,Auriculares inalámbricos,155619,0.19
33468,Refrigeradora,322890,0.19
21497,Cámara digital,598303,0.19
26017,Smartphone,376537,0.19
32021,Cámara digital,420005,0.19
26093,Impresora láser,456319,0.19
22702,Tablet,244353,0.19
4685,Smartphone,563959,0.19
23982,Refrigeradora,217239,0.19
17353,Laptop,335373,0.19
21676,Laptop,486220,0.19
12163,Tablet,391378,0.19
17247,Refrigeradora,359972,0.19
3739,Televisor,395998,0.19
44032,Impresora láser,176238,0.19
24948,Micrófono USB,350194,0.19
28285,Impresora láser,216588,0.19
7602,Impresora láser,458701,0.19
23439,Impresora láser,380107,0.19
33486,Laptop,574844,0.19
48640,Refrigeradora,163076,0.19
34187,Aspiradora robot,162500,0.19
22074,Smartphone,214639,0.19
42635,Aspiradora robot,439428,0.19
14684,Smartphone,539583,0.19
19240,Tablet,297877,0.19
35444,Aspiradora robot,442344,0.19
37525,Auriculares inalámbricos,166317,0.19
45749,Refrigeradora,576965,0.19
8564,Impresora láser,523487,0.19
29816,Impresora láser,548777,0.19
20475,Televisor,326614,0.19
38569,Auriculares inalámbricos,506051,0.19
44324,Aspiradora robot,407263,0.19
25657,Aspiradora robot,406799,0.19
16355,Cámara digital,560937,0.19
39194,Impresora láser,271499,0.19
4409,Aspiradora robot,464341,0.19
16054,Refrigeradora,442894,0.19
26960,Cámara digital,186798,0.19
40185,Tablet,550025,0.19
4021,Auriculares inalámbricos,550489,0.19
20297,Micrófono USB,209432,0.19
28144,Cámara digital,508804,0.19
32655,Tablet,590751,0.19
35378,Aspiradora robot,458260,0.19
255,Cámara digital,341615,0.19
43128,Televisor,375925,0.19
4595,Smartphone,191277,0.19
10360,Laptop,362161,0.19
42074,Auriculares inalámbricos,408352,0.19
3316,Laptop,499837,0.19
12528,Cámara digital,402511,0.19
44597,Aspiradora robot,376402,0.19
34043,Micrófono USB,393099,0.19
45197,Smartphone,282379,0.19
13971,Cámara digital,427617,0.19
24028,Auriculares inalámbricos,225425,0.19
39186,Televisor,235120,0.19
39218,Micrófono USB,533283,0.19
22199,Smartphone,380352,0.19
42115,Impresora láser,517830,0.19
29654,Impresora láser,196858,0.19
42221,Tablet,255060,0.19
23326,Aspiradora robot,161703,0.19
18931,Refrigeradora,283194,0.19
24646,Televisor,430567,0.19
38275,Smartphone,332581,0.19
11018,Impresora láser,390531,0.19
28461,Televisor,582995,0.19
14787,Aspiradora robot,597440,0.19
1390,Cámara digital,445875,0.19
6883,Impresora láser,338676,0.19
40404,Tablet,446479,0.19
7554,Smartphone,319847,0.19
42828,Refrigeradora,334262,0.19
581,Tablet,162275,0.19
11479,Auriculares inalámbricos,197519,0.19
8960,Cámara digital,290369,0.19
7463,Televisor,412659,0.19
41957,Televisor,323200,0.19
10612,Auriculares inalámbricos,586100,0.19
4406,Micrófono USB,397326,0.19
1074,Smartphone,577120,0.19
40408,Aspiradora robot,233824,0.19
38994,Refrigeradora,368729,0.19
43840,Tablet,336835,0.19
4101,Aspiradora robot,289899,0.19
688,Auriculares inalámbricos,500178,0.19
44735,Micrófono USB,527936,0.19
37851,Laptop,155070,0.19
43843,Laptop,424799,0.19
4435,Impresora láser,396247,0.19
3060,Auriculares inalámbricos,217829,0.19
32065,Impresora láser,297973,0.19
10543,Aspiradora robot,419009,0.19
5125,Smartphone,485745,0.19
13623,Laptop,509776,0.19
29626,Auriculares inalámbricos,313657,0.19
1815,Auriculares inalámbricos,588927,0.19
30441,Televisor,578890,0.19
12568,Auriculares inalámbricos,315085,0.19
49904,Tablet,249972,0.19
34731,Aspiradora robot,432656,0.19
43481,Aspiradora robot,196507,0.19
46185,Micrófono USB,303029,0.19
33100,Aspiradora robot,268959,0.19
16585,Smartphone,286162,0.19
23068,Auriculares inalámbricos,533292,0.19
7085,Tablet,519083,0.19
18379,Auriculares inalámbricos,593023,0.19
11586,Smartphone,293348,0.19
31312,Impresora láser,187192,0.19
44510,Televisor,462597,0.19
48187,Cámara digital,542619,0.19
20721,Refrigeradora,185365,0.19
31375,Tablet,171186,0.19
29545,Auriculares inalámbricos,495557,0.19
27993,Cámara digital,516918,0.19
48832,Tablet,169400,0.19
3289,Aspiradora robot,568467,0.19
43475,Aspiradora robot,583002,0.19
18388,Televisor,398525,0.19
7242,Tablet,236430,0.19
1654,Televisor,360241,0.19
3006,Micrófono USB,302792,0.19
31733,Laptop,591854,0.19
4576,Impresora láser,395771,0.19
5533,Tablet,344151,0.19
12556,Televisor,458122,0.19
12324,Tablet,422077,0.19
22694,Auriculares inalámbricos,399579,0.19
23364,Cámara digital,474441,0.19
9257,Laptop,400732,0.19
23265,Smartphone,335749,0.19
24712,Auriculares inalámbricos,319344,0.19
41109,Cámara digital,507412,0.19
23074,Cámara digital,150203,0.19
3985,Micrófono USB,274515,0.19
13565,Micrófono USB,554145,0.19
33826,Refrigeradora,456908,0.19
12333,Tablet,372858,0.19
21942,Micrófono USB,256428,0.19
43486,Auriculares inalámbricos,529385,0.19
20862,Tablet,300180,0.19
3126,Tablet,569853,0.19
4537,Impresora láser,363542,0.19
28444,Smartphone,279365,0.19
36505,Auriculares inalámbricos,332588,0.19
17628,Impresora láser,197429,0.19
35082,Aspiradora robot,559634,0.19
18882,Auriculares inalámbricos,594988,0.19
44803,Impresora láser,461988,0.19
5292,Impresora láser,481714,0.19
27821,Smartphone,489127,0.19
47716,Televisor,215452,0.19
11225,Televisor,220350,0.19
13851,Laptop,532795,0.19
49813,Refrigeradora,465587,0.19
12941,Aspiradora robot,475374,0.19
18545,Auriculares inalámbricos,536261,0.19
3389,Aspiradora robot,452603,0.19
22249,Tablet,466949,0.19
24182,Smartphone,454081,0.19
18378,Tablet,195317,0.19
26148,Smartphone,351311,0.19
31289,Auriculares inalámbricos,210618,0.19
43255,Aspiradora robot,216878,0.19
19172,Tablet,462087,0.19
14796,Aspiradora robot,483226,0.19
23204,Tablet,425089,0.19
46349,Tablet,481390,0.19
44712,Televisor,231195,0.19
29746,Laptop,395709,0.19
17545,Auriculares inalámbricos,439607,0.19
14052,Auriculares inalámbricos,159960,0.19
48526,Impresora láser,507410,0.19
6502,Smartphone,294371,0.19
10897,Smartphone,578667,0.19
8193,Refrigeradora,452262,0.19
23807,Tablet,329575,0.19
39024,Refrigeradora,258122,0.19
4904,Smartphone,543799,0.19
23955,Aspiradora robot,212936,0.19
36933,Micrófono USB,413907,0.19
33156,Televisor,505663,0.19
4993,Aspiradora robot,432604,0.19
25417,Impresora láser,436270,0.19
23208,Cámara digital,426397,0.19
38002,Tablet,369707,0.19
29180,Tablet,206789,0.19
26243,Auriculares inalámbricos,317478,0.19
44134,Televisor,399906,0.19
30058,Tablet,346858,0.19
15978,Impresora láser,575349,0.19
8686,Auriculares inalámbricos,296422,0.19
33270,Laptop,324796,0.19
45484,Auriculares inalámbricos,235461,0.19
39613,Auriculares inalámbricos,412891,0.19
40895,Micrófono USB,200130,0.19
8576,Cámara digital,482667,0.19
3939,Tablet,463019,0.19
5536,Aspiradora robot,341448,0.19
19096,Tablet,302465,0.19
1678,Laptop,173863,0.19
15624,Televisor,388758,0.19
14132,Auriculares inalámbricos,464487,0.19
10311,Refrigeradora,158806,0.19
41087,Laptop,385646,0.19
40757,Impresora láser,367442,0.19
25077,Televisor,512500,0.19
14525,Micrófono USB,156110,0.19
42104,Laptop,203366,0.19
18191,Impresora láser,581156,0.19
12281,Refrigeradora,520613,0.19
5116,Laptop,377958,0.19
38496,Auriculares inalámbricos,179405,0.19
38314,Televisor,168987,0.19
19887,Aspiradora robot,274895,0.19
48057,Auriculares inalámbricos,284307,0.19
6042,Aspiradora robot,245878,0.19
41994,Smartphone,453132,0.19
16476,Laptop,408708,0.19
3185,Refrigeradora,524487,0.19
44843,Micrófono USB,438603,0.19
43872,Aspiradora robot,550880,0.19
5230,Smartphone,415482,0.19
9771,Laptop,216421,0.19
26328,Cámara digital,200544,0.19
20871,Auriculares inalámbricos,571336,0.19
8354,Laptop,176274,0.19
402,Laptop,499502,0.19
49118,Laptop,301933,0.19
44015,Televisor,582749,0.19
24162,Aspiradora robot,526752,0.19
28218,Impresora láser,404141,0.19
18414,Tablet,155780,0.19
31367,Impresora láser,265377,0.19
48427,Cámara digital,375093,0.19
44671,Impresora láser,226878,0.19
39349,Laptop,313130,0.19
23592,Micrófono USB,199327,0.19
2337,Aspiradora robot,584303,0.19
28143,Smartphone,537705,0.19
15191,Micrófono USB,155536,0.19
19242,Refrigeradora,411875,0.19
23273,Televisor,171504,0.19
13892,Auriculares inalámbricos,454935,0.19
45307,Televisor,265197,0.19
43118,Auriculares inalámbricos,447493,0.19
29292,Refrigeradora,379755,0.19
11285,Tablet,169459,0.19
32588,Auriculares inalámbricos,309591,0.19
38222,Tablet,278586,0.19
12589,Tablet,551185,0.19
20491,Laptop,315004,0.19
30707,Tablet,361710,0.19
48845,Aspiradora robot,395841,0.19
9287,Auriculares inalámbricos,517812,0.19
27044,Aspiradora robot,468322,0.19
42999,Laptop,459533,0.19
18922,Laptop,417547,0.19
38198,Cámara digital,317724,0.19
8261,Tablet,463540,0.19
48851,Smartphone,442250,0.19
49990,Smartphone,318206,0.19
19291,Auriculares inalámbricos,434972,0.19
48408,Micrófono USB,363286,0.19
44203,Auriculares inalámbricos,523357,0.19
27996,Laptop,201616,0.19
26490,Refrigeradora,386219,0.19
49898,Impresora láser,367587,0.19
49848,Auriculares inalámbricos,405604,0.19
20015,Smartphone,264708,0.19
6878,Smartphone,406503,0.19
45578,Smartphone,363162,0.19
523,Televisor,395945,0.19
43402,Cámara digital,469042,0.19
43651,Tablet,182063,0.19
19312,Auriculares inalámbricos,271876,0.19
48762,Tablet,343178,0.19
16524,Tablet,241603,0.19
24836,Aspiradora robot,231205,0.19
32176,Aspiradora robot,186570,0.19
18114,Tablet,279859,0.19
25817,Laptop,373731,0.19
31762,Refrigeradora,370210,0.19
13911,Laptop,478332,0.19
25859,Refrigeradora,422161,0.19
47567,Tablet,366935,0.19
3371,Televisor,502889,0.19
36939,Smartphone,403663,0.19
27488,Cámara digital,286360,0.19
13044,Micrófono USB,583996,0.19
32851,Auriculares inalámbricos,589673,0.19
17367,Aspiradora robot,579755,0.19
4615,Laptop,484338,0.19
6039,Cámara digital,376417,0.19
33043,Micrófono USB,288806,0.19
48562,Smartphone,328605,0.19
22105,Micrófono USB,172700,0.19
46514,Laptop,348063,0.19
37311,Micrófono USB,291058,0.19
26705,Impresora láser,323524,0.19
4237,Televisor,354963,0.19
14707,Auriculares inalámbricos,342207,0.19
24421,Aspiradora robot,170251,0.19
13451,Aspiradora robot,467515,0.19
49703,Refrigeradora,263301,0.19
21698,Refrigeradora,494478,0.19
7565,Aspiradora robot,217909,0.19
8334,Cámara digital,523469,0.19
28454,Aspiradora robot,227269,0.19
13152,Smartphone,566939,0.19
45287,Cámara digital,585845,0.19
49027,Micrófono USB,187853,0.19
20493,Tablet,161302,0.19
25574,Cámara digital,170898,0.19
3418,Smartphone,387440,0.19
43218,Smartphone,264605,0.19
26685,Aspiradora robot,441090,0.19
9537,Aspiradora robot,566544,0.19
20565,Impresora láser,506455,0.19
48995,Tablet,196065,0.19
49616,Auriculares inalámbricos,556714,0.19
7614,Laptop,156653,0.19
48609,Auriculares inalámbricos,378603,0.19
2387,Laptop,187658,0.19
42648,Smartphone,230408,0.19
12343,Refrigeradora,273884,0.19
33962,Laptop,556210,0.19
15571,Cámara digital,501274,0.19
19781,Cámara digital,303469,0.19
2294,Tablet,573811,0.19
44094,Televisor,586659,0.19
24756,Televisor,440169,0.19
44394,Televisor,584902,0.19
39089,Smartphone,171510,0.19
46249,Smartphone,389368,0.19
27949,Televisor,561809,0.19
38273,Aspiradora robot,577780,0.19
27450,Refrigeradora,528741,0.19
1420,Impresora láser,404805,0.19
22124,Televisor,383562,0.19
20491,Cámara digital,517249,0.19
21263,Televisor,408860,0.19
45218,Televisor,405102,0.19
4503,Refrigeradora,413061,0.19
12061,Tablet,529437,0.19
15583,Impresora láser,207944,0.19
41211,Laptop,187429,0.19
27759,Auriculares inalámbricos,234395,0.19
28180,Smartphone,395828,0.19
7890,Impresora láser,353769,0.19
13310,Cámara digital,357997,0.19
30986,Auriculares inalámbricos,306704,0.19
48040,Aspiradora robot,390727,0.19
4948,Refrigeradora,505760,0.19
40744,Tablet,200684,0.19
31714,Tablet,376890,0.19
23205,Cámara digital,362679,0.19
29143,Laptop,262758,0.19
16121,Tablet,479290,0.19
7010,Cámara digital,276392,0.19
28238,Smartphone,155484,0.19
25867,Auriculares inalámbricos,589085,0.19
35918,Televisor,288020,0.19
173,Tablet,280328,0.19
37531,Impresora láser,265227,0.19
40292,Laptop,434545,0.19
13507,Cámara digital,397480,0.19
16791,Televisor,538006,0.19
49262,Impresora láser,251427,0.19
15133,Tablet,169909,0.19
35987,Cámara digital,505273,0.19
46422,Impresora láser,447207,0.19
41305,Smartphone,324845,0.19
8593,Refrigeradora,267603,0.19
37295,Aspiradora robot,235538,0.19
35174,Micrófono USB,325026,0.19
46679,Micrófono USB,584895,0.19
47286,Auriculares inalámbricos,583602,0.19
16435,Televisor,376554,0.19
21573,Auriculares inalámbricos,583041,0.19
11143,Tablet,379782,0.19
7256,Auriculares inalámbricos,151238,0.19
20961,Auriculares inalámbricos,506308,0.19
39219,Cámara digital,253385,0.19
13086,Aspiradora robot,534320,0.19
34684,Aspiradora robot,168072,0.19
360,Televisor,243468,0.19
9115,Aspiradora robot,284310,0.19
7006,Aspiradora robot,389390,0.19
43177,Aspiradora robot,282617,0.19
22768,Auriculares inalámbricos,520766,0.19
3371,Impresora láser,477157,0.19
10740,Cámara digital,525948,0.19
12229,Impresora láser,253211,0.19
30622,Laptop,531906,0.19
42280,Aspiradora robot,302733,0.19
8499,Laptop,318931,0.19
311,Smartphone,189144,0.19
6031,Auriculares inalámbricos,547106,0.19
22822,Impresora láser,509659,0.19
31253,Smartphone,555697,0.19
27661,Impresora láser,228527,0.19
45034,Tablet,574487,0.19
7316,Auriculares inalámbricos,471506,0.19
6630,Televisor,301165,0.19
17018,Impresora láser,401666,0.19
40174,Laptop,175209,0.19
47164,Aspiradora robot,280611,0.19
36762,Cámara digital,417674,0.19
2759,Laptop,346331,0.19
31949,Tablet,316799,0.19
34544,Smartphone,588481,0.19
39912,Tablet,191775,0.19
26161,Micrófono USB,523535,0.19
12776,Laptop,388181,0.19
14067,Micrófono USB,293265,0.19
48569,Refrigeradora,351853,0.19
23988,Refrigeradora,455959,0.19
21805,Smartphone,438924,0.19
6438,Laptop,207375,0.19
3735,Tablet,238182,0.19
12143,Tablet,432754,0.19
5208,Micrófono USB,265036,0.19
7909,Laptop,488868,0.19
34728,Smartphone,390266,0.19
2329,Cámara digital,492620,0.19
28468,Impresora láser,185993,0.19
30224,Smartphone,228431,0.19
38547,Tablet,209044,0.19
33245,Refrigeradora,324702,0.19
15360,Laptop,566836,0.19
11045,Cámara digital,542564,0.19
41076,Tablet,297397,0.19
1883,Televisor,153058,0.19
44353,Aspiradora robot,266638,0.19
10081,Impresora láser,211073,0.19
18524,Impresora láser,387615,0.19
6192,Televisor,501873,0.19
14909,Refrigeradora,412703,0.19
47020,Refrigeradora,546309,0.19
45258,Refrigeradora,326172,0.19
32706,Laptop,155803,0.19
9165,Aspiradora robot,550346,0.19
38433,Laptop,326508,0.19
16512,Refrigeradora,518572,0.19
33487,Auriculares inalámbricos,375286,0.19
41352,Impresora láser,300456,0.19
14391,Micrófono USB,316432,0.19
1057,Tablet,153413,0.19
2557,Auriculares inalámbricos,277816,0.19
18955,Tablet,545438,0.19
40921,Auriculares inalámbricos,482453,0.19
38273,Refrigeradora,557252,0.19
18352,Impresora láser,237715,0.19
5407,Impresora láser,589995,0.19
49900,Aspiradora robot,315811,0.19
1412,Micrófono USB,259259,0.19
35703,Tablet,470338,0.19
44403,Refrigeradora,534632,0.19
26885,Aspiradora robot,260985,0.19
36415,Refrigeradora,396683,0.19
5184,Auriculares inalámbricos,560416,0.19
22740,Micrófono USB,303475,0.19
38657,Refrigeradora,488241,0.19
31955,Refrigeradora,409491,0.19
14253,Tablet,550856,0.19
31298,Auriculares inalámbricos,507891,0.19
45,Aspiradora robot,183196,0.19
12632,Micrófono USB,351384,0.19
46204,Televisor,519223,0.19
7065,Refrigeradora,362035,0.19
6674,Televisor,379523,0.19
14441,Auriculares inalámbricos,434424,0.19
28257,Cámara digital,550968,0.19
37516,Impresora láser,481703,0.19
26510,Smartphone,422164,0.19
42961,Laptop,489059,0.19
7858,Impresora láser,446930,0.19
10424,Televisor,267886,0.19
6989,Televisor,410010,0.19
11524,Aspiradora robot,220248,0.19
378,Micrófono USB,571055,0.19
22107,Tablet,316541,0.19
19288,Televisor,449178,0.19
24160,Cámara digital,205260,0.19
28957,Televisor,357604,0.19
19704,Aspiradora robot,381342,0.19
6479,Refrigeradora,344503,0.19
26358,Laptop,529613,0.19
36728,Televisor,583180,0.19
5686,Impresora láser,403446,0.19
20500,Tablet,428455,0.19
43011,Refrigeradora,472135,0.19
28392,Laptop,533786,0.19
13612,Cámara digital,544752,0.19
9881,Cámara digital,597911,0.19
42229,Smartphone,252823,0.19
4898,Impresora láser,393467,0.19
37536,Tablet,292030,0.19
18953,Micrófono USB,484573,0.19
49407,Impresora láser,186830,0.19
28235,Cámara digital,510647,0.19
13981,Impresora láser,547311,0.19
33437,Auriculares inalámbricos,442108,0.19
41862,Cámara digital,198513,0.19
3513,Auriculares inalámbricos,251411,0.19
28604,Smartphone,327605,0.19
45948,Cámara digital,439227,0.19
490,Impresora láser,211718,0.19
13583,Laptop,293764,0.19
34854,Laptop,430290,0.19
27921,Smartphone,549141,0.19
32776,Refrigeradora,405998,0.19
46580,Micrófono USB,237036,0.19
22261,Impresora láser,530674,0.19
28809,Smartphone,168434,0.19
24609,Tablet,180032,0.19
35382,Impresora láser,303368,0.19
28094,Tablet,452339,0.19
23556,Aspiradora robot,536606,0.19
49823,Laptop,475529,0.19
37047,Aspiradora robot,498494,0.19
46638,Auriculares inalámbricos,361410,0.19
38310,Televisor,483054,0.19
30076,Televisor,534514,0.19
13860,Laptop,570185,0.19
25930,Refrigeradora,241404,0.19
49892,Auriculares inalámbricos,590450,0.19
46752,Impresora láser,231190,0.19
3224,Televisor,243582,0.19
30648,Televisor,157565,0.19
43449,Auriculares inalámbricos,372835,0.19
22626,Aspiradora robot,557588,0.19
16800,Cámara digital,220764,0.19
13475,Aspiradora robot,303786,0.19
47772,Cámara digital,527494,0.19
44205,Tablet,488070,0.19
27414,Micrófono USB,154905,0.19
34591,Auriculares inalámbricos,190403,0.19
40704,Auriculares inalámbricos,306873,0.19
35716,Cámara digital,334000,0.19
44601,Tablet,589926,0.19
11631,Smartphone,540869,0.19
28505,Refrigeradora,194120,0.19
46466,Auriculares inalámbricos,507329,0.19
15972,Tablet,340136,0.19
3668,Televisor,366094,0.19
47210,Micrófono USB,509770,0.19
1126,Micrófono USB,322166,0.19
34881,Tablet,211322,0.19
28173,Tablet,371112,0.19
38899,Auriculares inalámbricos,253150,0.19
48649,Impresora láser,518819,0.19
9949,Auriculares inalámbricos,249393,0.19
8424,Laptop,189386,0.19
44938,Tablet,386830,0.19
20676,Refrigeradora,446026,0.19
48086,Televisor,594479,0.19
46845,Televisor,451048,0.19
27179,Tablet,182837,0.19
20738,Refrigeradora,476118,0.19
9361,Televisor,549697,0.19
37485,Refrigeradora,337232,0.19
48603,Smartphone,255624,0.19
19485,Aspiradora robot,295514,0.19
47453,Impresora láser,163138,0.19
42450,Auriculares inalámbricos,297916,0.19
25241,Micrófono USB,430158,0.19
19471,Impresora láser,559738,0.19
23826,Micrófono USB,320082,0.19
24707,Smartphone,266812,0.19
5034,Auriculares inalámbricos,524442,0.19
30472,Micrófono USB,198790,0.19
12625,Cámara digital,345845,0.19
11271,Tablet,391765,0.19
28817,Auriculares inalámbricos,417863,0.19
37,Cámara digital,532110,0.19
5953,Smartphone,506215,0.19
37302,Televisor,442338,0.19
17992,Cámara digital,512165,0.19
36884,Impresora láser,417935,0.19
22456,Tablet,471392,0.19
38873,Cámara digital,568719,0.19
24559,Laptop,440530,0.19
28596,Micrófono USB,522639,0.19
11086,Tablet,424087,0.19
13994,Impresora láser,179653,0.19
3750,Cámara digital,171172,0.19
47978,Aspiradora robot,368155,0.19
18666,Smartphone,318518,0.19
16712,Impresora láser,480749,0.19
29530,Cámara digital,196304,0.19
39676,Smartphone,152298,0.19
17316,Cámara digital,430490,0.19
12856,Aspiradora robot,359041,0.19
35532,Laptop,282260,0.19
32352,Tablet,421817,0.19
31231,Smartphone,332379,0.19
9640,Impresora láser,428828,0.19
5666,Laptop,418412,0.19
32450,Tablet,246779,0.19
34711,Smartphone,316957,0.19
38129,Televisor,550422,0.19
30965,Tablet,314894,0.19
8775,Refrigeradora,432678,0.19
11826,Auriculares inalámbricos,375333,0.19
11516,Refrigeradora,505493,0.19
37014,Refrigeradora,485910,0.19
41532,Aspiradora robot,330866,0.19
6966,Televisor,435483,0.19
26600,Tablet,333546,0.19
16080,Aspiradora robot,240154,0.19
14577,Micrófono USB,454412,0.19
49069,Auriculares inalámbricos,370339,0.19
33951,Impresora láser,359623,0.19
27285,Aspiradora robot,521842,0.19
38730,Aspiradora robot,261554,0.19
31434,Aspiradora robot,208573,0.19
36112,Refrigeradora,451527,0.19
18887,Cámara digital,233233,0.19
33182,Refrigeradora,416661,0.19
11154,Impresora láser,387221,0.19
19535,Auriculares inalámbricos,363273,0.19
10604,Smartphone,581705,0.19
34184,Tablet,290516,0.19
8610,Televisor,246947,0.19
16213,Tablet,397777,0.19
34124,Auriculares inalámbricos,466872,0.19
48845,Impresora láser,476888,0.19
5755,Cámara digital,390021,0.19
48509,Refrigeradora,540043,0.19
12138,Impresora láser,214450,0.19
10853,Auriculares inalámbricos,333662,0.19
30999,Tablet,247301,0.19
31502,Tablet,405050,0.19
9007,Refrigeradora,347346,0.19
45952,Impresora láser,478719,0.19
8792,Cámara digital,502781,0.19
12150,Laptop,465887,0.19
34642,Auriculares inalámbricos,167777,0.19
4242,Televisor,425723,0.19
47448,Aspiradora robot,320753,0.19
29950,Auriculares inalámbricos,370432,0.19
44523,Aspiradora robot,313422,0.19
30561,Televisor,414142,0.19
29900,Televisor,269574,0.19
17821,Cámara digital,553287,0.19
8181,Tablet,319317,0.19
27294,Refrigeradora,354324,0.19
43179,Refrigeradora,218695,0.19
28458,Aspiradora robot,150695,0.19
46294,Cámara digital,329186,0.19
24335,Aspiradora robot,477347,0.19
7825,Cámara digital,341514,0.19
2881,Cámara digital,383767,0.19
31797,Impresora láser,400456,0.19
14296,Auriculares inalámbricos,460404,0.19
44232,Impresora láser,590076,0.19
30151,Tablet,292990,0.19
29216,Aspiradora robot,171361,0.19
29975,Impresora láser,587900,0.19
27578,Refrigeradora,256233,0.19
8482,Televisor,275451,0.19
14839,Smartphone,488253,0.19
44751,Refrigeradora,445476,0.19
4171,Refrigeradora,403834,0.19
43374,Aspiradora robot,533691,0.19
17455,Impresora láser,196299,0.19
45487,Smartphone,164125,0.19
14088,Impresora láser,474725,0.19
36255,Televisor,223688,0.19
27359,Refrigeradora,416556,0.19
44574,Impresora láser,277151,0.19
26053,Micrófono USB,227166,0.19
48886,Smartphone,229154,0.19
6498,Televisor,510011,0.19
14828,Micrófono USB,421759,0.19
44137,Tablet,469467,0.19
32434,Televisor,477086,0.19
37443,Refrigeradora,531330,0.19
12762,Smartphone,176354,0.19
11486,Micrófono USB,315909,0.19
38001,Micrófono USB,316985,0.19
9088,Televisor,304414,0.19
25327,Cámara digital,236019,0.19
14080,Micrófono USB,538297,0.19
19428,Televisor,435483,0.19
25021,Smartphone,288065,0.19
22226,Auriculares inalámbricos,337957,0.19
10768,Auriculares inalámbricos,522668,0.19
49888,Tablet,329930,0.19
19825,Laptop,187315,0.19
11353,Auriculares inalámbricos,272622,0.19
10671,Aspiradora robot,389688,0.19
46837,Auriculares inalámbricos,520105,0.19
15531,Televisor,153983,0.19
7379,Tablet,331456,0.19
13270,Impresora láser,304812,0.19
28773,Cámara digital,565426,0.19
6913,Cámara digital,365512,0.19
29015,Refrigeradora,213697,0.19
17227,Laptop,299171,0.19
31317,Smartphone,599116,0.19
42731,Aspiradora robot,182044,0.19
14766,Smartphone,434447,0.19
39474,Laptop,434846,0.19
27321,Refrigeradora,439314,0.19
37214,Smartphone,214685,0.19
9211,Impresora láser,518540,0.19
41002,Aspiradora robot,454773,0.19
25675,Cámara digital,598386,0.19
27239,Micrófono USB,326146,0.19
39563,Laptop,278380,0.19
17084,Impresora láser,251977,0.19
36626,Tablet,571365,0.19
24074,Laptop,445042,0.19
14284,Auriculares inalámbricos,194040,0.19
25340,Cámara digital,344077,0.19
5817,Tablet,485057,0.19
19649,Laptop,523803,0.19
35105,Cámara digital,285746,0.19
31176,Aspiradora robot,428983,0.19
24511,Aspiradora robot,571411,0.19
30381,Aspiradora robot,474400,0.19
18900,Cámara digital,472959,0.19
29462,Impresora láser,599626,0.19
38761,Impresora láser,443155,0.19
37493,Auriculares inalámbricos,326932,0.19
5875,Televisor,385812,0.19
31741,Aspiradora robot,227027,0.19
2475,Cámara digital,463565,0.19
7220,Refrigeradora,273502,0.19
24332,Laptop,384845,0.19
19830,Laptop,311794,0.19
49677,Auriculares inalámbricos,221237,0.19
27386,Televisor,454278,0.19
23963,Micrófono USB,278856,0.19
16042,Impresora láser,323124,0.19
26056,Televisor,355099,0.19
1004,Auriculares inalámbricos,437971,0.19
228,Refrigeradora,489869,0.19
8648,Smartphone,283223,0.19
21703,Televisor,539366,0.19
931,Televisor,475611,0.19
31350,Micrófono USB,500971,0.19
3464,Aspiradora robot,329987,0.19
19890,Tablet,375002,0.19
27983,Micrófono USB,175743,0.19
29761,Televisor,382244,0.19
46462,Impresora láser,478920,0.19
15377,Micrófono USB,407025,0.19
17003,Micrófono USB,364775,0.19
42712,Smartphone,328894,0.19
22269,Impresora láser,289978,0.19
37654,Auriculares inalámbricos,598182,0.19
4826,Aspiradora robot,287600,0.19
43791,Auriculares inalámbricos,176438,0.19
15630,Tablet,416465,0.19
11254,Smartphone,542569,0.19
33499,Televisor,537431,0.19
37103,Televisor,421099,0.19
33981,Aspiradora robot,285706,0.19
40856,Auriculares inalámbricos,434544,0.19
7531,Televisor,223476,0.19
13461,Cámara digital,496967,0.19
14258,Televisor,537706,0.19
17812,Impresora láser,587456,0.19
27307,Tablet,198650,0.19
9571,Cámara digital,405802,0.19
48507,Refrigeradora,461578,0.19
7477,Refrigeradora,373912,0.19
46312,Aspiradora robot,186689,0.19
32406,Auriculares inalámbricos,254631,0.19
6338,Refrigeradora,314247,0.19
25526,Micrófono USB,210841,0.19
31797,Tablet,327742,0.19
6233,Smartphone,548335,0.19
25698,Tablet,534021,0.19
49392,Refrigeradora,231144,0.19
41985,Tablet,377541,0.19
20819,Tablet,430013,0.19
4525,Impresora láser,423596,0.19
31617,Smartphone,444571,0.19
34457,Tablet,422002,0.19
29653,Auriculares inalámbricos,450312,0.19
40915,Micrófono USB,302733,0.19
49032,Auriculares inalámbricos,252818,0.19
27428,Smartphone,359814,0.19
9912,Micrófono USB,417503,0.19
41009,Auriculares inalámbricos,150995,0.19
15461,Refrigeradora,431099,0.19
38107,Smartphone,476484,0.19
20794,Refrigeradora,306184,0.19
9443,Aspiradora robot,564595,0.19
41602,Tablet,426324,0.19
40632,Refrigeradora,187685,0.19
43048,Impresora láser,430725,0.19
25981,Micrófono USB,210659,0.19
25753,Laptop,166149,0.19
28816,Tablet,446102,0.19
44791,Cámara digital,472676,0.19
27892,Micrófono USB,347961,0.19
9083,Impresora láser,561255,0.19
46984,Micrófono USB,578990,0.19
37084,Refrigeradora,528558,0.19
30482,Impresora láser,266125,0.19
997,Cámara digital,541443,0.19
46907,Laptop,364330,0.19
5944,Tablet,298294,0.19
18917,Laptop,509858,0.19
25339,Auriculares inalámbricos,201428,0.19
35081,Micrófono USB,321626,0.19
20539,Tablet,385237,0.19
29828,Auriculares inalámbricos,489814,0.19
47886,Aspiradora robot,244338,0.19
24963,Smartphone,545078,0.19
16085,Aspiradora robot,445213,0.19
23334,Micrófono USB,198186,0.19
45052,Impresora láser,553613,0.19
46067,Refrigeradora,512072,0.19
5392,Refrigeradora,464103,0.19
37013,Aspiradora robot,201603,0.19
24845,Impresora láser,313857,0.19
23024,Auriculares inalámbricos,526818,0.19
33040,Laptop,314551,0.19
12602,Cámara digital,570296,0.19
46965,Micrófono USB,479075,0.19
31412,Refrigeradora,304130,0.19
24231,Smartphone,216367,0.19
25172,Refrigeradora,377211,0.19
49334,Refrigeradora,240534,0.19
43750,Aspiradora robot,479295,0.19
627,Auriculares inalámbricos,519669,0.19
8509,Laptop,355570,0.19
24027,Impresora láser,185447,0.19
38305,Micrófono USB,519677,0.19
19860,Refrigeradora,598058,0.19
12778,Impresora láser,399917,0.19
5796,Refrigeradora,249129,0.19
16801,Tablet,162170,0.19
39556,Refrigeradora,596657,0.19
2207,Micrófono USB,196859,0.19
7237,Smartphone,571677,0.19
8698,Aspiradora robot,246053,0.19
27087,Micrófono USB,441720,0.19
21425,Impresora láser,245710,0.19
27248,Auriculares inalámbricos,576657,0.19
30851,Tablet,170487,0.19
33722,Aspiradora robot,441041,0.19
12978,Cámara digital,173914,0.19
7313,Auriculares inalámbricos,494822,0.19
48047,Aspiradora robot,199452,0.19
20236,Tablet,219084,0.19
8606,Auriculares inalámbricos,264704,0.19
1075,Smartphone,348630,0.19
23487,Cámara digital,334817,0.19
44481,Micrófono USB,418672,0.19
17749,Laptop,231035,0.19
27125,Televisor,570299,0.19
31103,Impresora láser,458150,0.19
19906,Laptop,255950,0.19
8457,Auriculares inalámbricos,476148,0.19
46,Televisor,347943,0.19
10945,Aspiradora robot,322629,0.19
8948,Micrófono USB,393280,0.19
12819,Micrófono USB,447096,0.19
20260,Refrigeradora,250188,0.19
12502,Tablet,226124,0.19
10378,Televisor,498317,0.19
22849,Aspiradora robot,586481,0.19
46091,Impresora láser,306867,0.19
41944,Micrófono USB,385094,0.19
23291,Televisor,311748,0.19
21427,Smartphone,524859,0.19
96,Cámara digital,259488,0.19
3951,Tablet,342744,0.19
48402,Cámara digital,534478,0.19
1214,Auriculares inalámbricos,558773,0.19
27812,Micrófono USB,429598,0.19
44116,Tablet,463152,0.19
43189,Aspiradora robot,468913,0.19
40200,Cámara digital,347904,0.19
11319,Smartphone,585317,0.19
7682,Micrófono USB,206907,0.19
37217,Aspiradora robot,313179,0.19
15819,Laptop,205321,0.19
3366,Smartphone,376200,0.19
25176,Televisor,352615,0.19
29944,Smartphone,447081,0.19
3019,Televisor,411219,0.19
31133,Aspiradora robot,478654,0.19
2203,Micrófono USB,198315,0.19
4817,Micrófono USB,349585,0.19
34287,Refrigeradora,283066,0.19
1320,Refrigeradora,567206,0.19
10759,Refrigeradora,254092,0.19
30503,Impresora láser,444856,0.19
9479,Micrófono USB,466363,0.19
12007,Refrigeradora,203543,0.19
27656,Aspiradora robot,506247,0.19
17277,Smartphone,585078,0.19
20925,Laptop,313964,0.19
30230,Auriculares inalámbricos,458934,0.19
44835,Televisor,150116,0.19
45476,Tablet,394319,0.19
32847,Smartphone,224399,0.19
41605,Aspiradora robot,591699,0.19
6111,Aspiradora robot,197785,0.19
42514,Impresora láser,398087,0.19
6685,Auriculares inalámbricos,527457,0.19
36463,Auriculares inalámbricos,266214,0.19
48303,Smartphone,517647,0.19
23956,Cámara digital,533510,0.19
11064,Aspiradora robot,250500,0.19
42203,Refrigeradora,244520,0.19
41803,Impresora láser,543025,0.19
21351,Aspiradora robot,197852,0.19
39784,Auriculares inalámbricos,204710,0.19
34897,Auriculares inalámbricos,260352,0.19
35404,Cámara digital,406772,0.19
17133,Cámara digital,326210,0.19
35749,Televisor,203837,0.19
41709,Tablet,517138,0.19
22741,Tablet,388758,0.19
15455,Televisor,591685,0.19
10976,Micrófono USB,360538,0.19
19651,Micrófono USB,345631,0.19
44543,Refrigeradora,189800,0.19
44582,Smartphone,286866,0.19
29440,Smartphone,470492,0.19
13227,Refrigeradora,500239,0.19
22297,Impresora láser,212085,0.19
37133,Tablet,503264,0.19
23536,Micrófono USB,491411,0.19
38914,Micrófono USB,550555,0.19
34361,Aspiradora robot,482523,0.19
18170,Televisor,268607,0.19
41605,Impresora láser,516675,0.19
11911,Televisor,476833,0.19
22084,Televisor,578067,0.19
801,Aspiradora robot,181942,0.19
15608,Auriculares inalámbricos,548141,0.19
16986,Laptop,533679,0.19
6917,Laptop,596217,0.19
19830,Impresora láser,596534,0.19
26129,Impresora láser,159331,0.19
42594,Auriculares inalámbricos,583107,0.19
27861,Auriculares inalámbricos,355575,0.19
37019,Impresora láser,560096,0.19
11972,Tablet,150783,0.19
20471,Refrigeradora,520500,0.19
46334,Auriculares inalámbricos,536804,0.19
4304,Impresora láser,295197,0.19
13619,Micrófono USB,504669,0.19
36679,Smartphone,575812,0.19
12953,Cámara digital,541989,0.19
1629,Smartphone,533295,0.19
34472,Laptop,411940,0.19
39561,Auriculares inalámbricos,472395,0.19
11959,Auriculares inalámbricos,306815,0.19
26976,Impresora láser,194161,0.19
40982,Impresora láser,409301,0.19
42283,Refrigeradora,372207,0.19
16072,Televisor,239958,0.19
48938,Auriculares inalámbricos,263255,0.19
27630,Refrigeradora,317647,0.19
13807,Televisor,456599,0.19
8816,Cámara digital,309726,0.19
16804,Smartphone,190900,0.19
37748,Laptop,542321,0.19
30745,Micrófono USB,556900,0.19
31941,Televisor,172759,0.19
16643,Cámara digital,270311,0.19
48853,Auriculares inalámbricos,182051,0.19
8295,Aspiradora robot,419249,0.19
20282,Smartphone,537719,0.19
26289,Micrófono USB,357402,0.19
49756,Impresora láser,353680,0.19
4,Auriculares inalámbricos,246603,0.19
18604,Micrófono USB,371808,0.19
2937,Laptop,545101,0.19
12857,Smartphone,455374,0.19
24203,Cámara digital,444739,0.19
17861,Smartphone,473644,0.19
38808,Micrófono USB,161668,0.19
19704,Refrigeradora,563859,0.19
47269,Laptop,193104,0.19
19658,Smartphone,583575,0.19
46683,Laptop,219424,0.19
21253,Televisor,232500,0.19
5470,Laptop,254655,0.19
37813,Refrigeradora,308900,0.19
43713,Micrófono USB,559136,0.19
26417,Auriculares inalámbricos,292496,0.19
27120,Tablet,379053,0.19
25406,Micrófono USB,569913,0.19
24140,Televisor,174219,0.19
18429,Refrigeradora,162067,0.19
11338,Cámara digital,535436,0.19
4756,Smartphone,186437,0.19
22852,Aspiradora robot,407297,0.19
32911,Laptop,583228,0.19
2697,Aspiradora robot,316996,0.19
5711,Auriculares inalámbricos,207915,0.19
18928,Laptop,310044,0.19
5414,Impresora láser,501382,0.19
33340,Aspiradora robot,415072,0.19
22690,Refrigeradora,201396,0.19
21934,Smartphone,381642,0.19
48903,Cámara digital,391495,0.19
3312,Aspiradora robot,205555,0.19
21262,Smartphone,384959,0.19
46971,Aspiradora robot,173883,0.19
20707,Cámara digital,581031,0.19
18349,Televisor,428255,0.19
30723,Refrigeradora,250478,0.19
11027,Smartphone,557265,0.19
5458,Smartphone,547264,0.19
46593,Micrófono USB,151477,0.19
35320,Auriculares inalámbricos,569130,0.19
39237,Aspiradora robot,420156,0.19
6900,Tablet,283227,0.19
7813,Refrigeradora,401096,0.19
20121,Auriculares inalámbricos,306364,0.19
17888,Tablet,519410,0.19
38703,Smartphone,567521,0.19
46808,Tablet,237693,0.19
35272,Smartphone,354462,0.19
15332,Cámara digital,326557,0.19
887,Televisor,423218,0.19
36336,Televisor,463698,0.19
2327,Smartphone,163293,0.19
21816,Aspiradora robot,348856,0.19
15958,Tablet,354701,0.19
35968,Smartphone,525678,0.19
7801,Tablet,196155,0.19
8164,Tablet,430004,0.19
42060,Tablet,412147,0.19
27422,Auriculares inalámbricos,466185,0.19
3507,Micrófono USB,397426,0.19
23137,Micrófono USB,305502,0.19
42431,Impresora láser,459728,0.19
13787,Laptop,340029,0.19
39332,Smartphone,372510,0.19
41898,Smartphone,238859,0.19
39564,Auriculares inalámbricos,264348,0.19
14228,Tablet,468189,0.19
45750,Smartphone,173053,0.19
24991,Smartphone,154282,0.19
22324,Laptop,487201,0.19
19108,Laptop,537317,0.19
12495,Micrófono USB,487706,0.19
30550,Tablet,531018,0.19
18276,Televisor,379875,0.19
25103,Auriculares inalámbricos,509131,0.19
12661,Micrófono USB,554259,0.19
35230,Aspiradora robot,469820,0.19
45839,Tablet,227448,0.19
47579,Aspiradora robot,282985,0.19
2444,Auriculares inalámbricos,187040,0.19
17197,Impresora láser,163960,0.19
31517,Cámara digital,429742,0.19
40994,Refrigeradora,225651,0.19
23927,Cámara digital,328933,0.19
29254,Auriculares inalámbricos,580580,0.19
2956,Cámara digital,465942,0.19
20003,Tablet,433853,0.19
40471,Refrigeradora,266716,0.19
35667,Micrófono USB,209953,0.19
5875,Auriculares inalámbricos,461873,0.19
2066,Auriculares inalámbricos,350701,0.19
18885,Aspiradora robot,576426,0.19
31808,Cámara digital,286675,0.19
4466,Tablet,402099,0.19
40553,Laptop,440843,0.19
15435,Impresora láser,411487,0.19
21210,Refrigeradora,198436,0.19
397,Refrigeradora,322287,0.19
44739,Tablet,243087,0.19
42025,Televisor,281193,0.19
20871,Televisor,557310,0.19
9937,Smartphone,599944,0.19
7089,Refrigeradora,346139,0.19
44433,Impresora láser,150213,0.19
19526,Refrigeradora,434471,0.19
21415,Aspiradora robot,211818,0.19
8718,Tablet,523276,0.19
15678,Micrófono USB,333750,0.19
437,Televisor,471112,0.19
26220,Auriculares inalámbricos,394217,0.19
30776,Aspiradora robot,594656,0.19
34060,Micrófono USB,373702,0.19
21496,Laptop,426590,0.19
15390,Refrigeradora,575017,0.19
26672,Smartphone,472000,0.19
16696,Cámara digital,299162,0.19
33560,Auriculares inalámbricos,278733,0.19
20910,Smartphone,442795,0.19
46346,Laptop,269277,0.19
28912,Tablet,581190,0.19
2887,Micrófono USB,529550,0.19
17198,Laptop,430918,0.19
10934,Laptop,174615,0.19
30378,Impresora láser,500454,0.19
38377,Cámara digital,544122,0.19
887,Tablet,513646,0.19
20786,Cámara digital,507777,0.19
21745,Auriculares inalámbricos,404449,0.19
4450,Tablet,431639,0.19
38324,Laptop,216017,0.19
41619,Auriculares inalámbricos,338563,0.19
4006,Smartphone,368777,0.19
36877,Televisor,454701,0.19
36855,Micrófono USB,512206,0.19
36468,Refrigeradora,294340,0.19
9501,Refrigeradora,220313,0.19
25976,Laptop,560585,0.19
18458,Micrófono USB,391753,0.19
33659,Tablet,481037,0.19
22585,Micrófono USB,430834,0.19
30970,Cámara digital,204381,0.19
20007,Smartphone,498981,0.19
39724,Refrigeradora,504973,0.19
28278,Auriculares inalámbricos,314555,0.19
10365,Smartphone,521345,0.19
41843,Cámara digital,448906,0.19
16521,Smartphone,308944,0.19
17774,Aspiradora robot,158425,0.19
34436,Tablet,439242,0.19
29255,Micrófono USB,582018,0.19
6722,Auriculares inalámbricos,194384,0.19
18352,Refrigeradora,580942,0.19
37998,Smartphone,160412,0.19
17479,Micrófono USB,296983,0.19
19292,Aspiradora robot,180259,0.19
41796,Aspiradora robot,410571,0.19
25928,Laptop,364169,0.19
20543,Tablet,412645,0.19
30243,Impresora láser,157628,0.19
17341,Smartphone,202073,0.19
44281,Tablet,255559,0.19
48753,Impresora láser,317056,0.19
44910,Televisor,544509,0.19
36749,Micrófono USB,346048,0.19
22189,Smartphone,539077,0.19
22927,Televisor,401455,0.19
10787,Televisor,257035,0.19
7781,Refrigeradora,260488,0.19
47752,Impresora láser,271649,0.19
18719,Laptop,239561,0.19
4617,Laptop,166499,0.19
2500,Tablet,370851,0.19
29236,Tablet,593489,0.19
35837,Smartphone,339268,0.19
7499,Smartphone,506972,0.19
29066,Auriculares inalámbricos,558928,0.19
14448,Aspiradora robot,389299,0.19
28796,Auriculares inalámbricos,348143,0.19
18118,Televisor,475980,0.19
8065,Refrigeradora,186002,0.19
45773,Aspiradora robot,551008,0.19
48757,Refrigeradora,287797,0.19
13119,Micrófono USB,564756,0.19
39724,Impresora láser,227327,0.19
5226,Refrigeradora,587960,0.19
36888,Auriculares inalámbricos,574942,0.19
14738,Aspiradora robot,335547,0.19
10528,Aspiradora robot,203935,0.19
22951,Televisor,271159,0.19
19734,Cámara digital,318932,0.19
12264,Televisor,490055,0.19
29527,Televisor,536051,0.19
17134,Aspiradora robot,370530,0.19
30235,Smartphone,325413,0.19
42854,Tablet,271194,0.19
14746,Smartphone,169343,0.19
29227,Auriculares inalámbricos,232572,0.19
15699,Tablet,581984,0.19
16207,Impresora láser,279641,0.19
40715,Auriculares inalámbricos,549845,0.19
49426,Aspiradora robot,266342,0.19
45284,Aspiradora robot,168696,0.19
25997,Cámara digital,227318,0.19
36855,Smartphone,196643,0.19
20473,Cámara digital,526816,0.19
2701,Cámara digital,479600,0.19
2624,Tablet,584505,0.19
34525,Micrófono USB,586136,0.19
22438,Auriculares inalámbricos,550080,0.19
25612,Aspiradora robot,193451,0.19
20816,Cámara digital,228321,0.19
30285,Smartphone,576325,0.19
5970,Tablet,195966,0.19
49670,Televisor,592478,0.19
44617,Smartphone,191955,0.19
33204,Refrigeradora,360867,0.19
29416,Aspiradora robot,413656,0.19
8623,Impresora láser,161155,0.19
23745,Smartphone,537560,0.19
17538,Refrigeradora,167129,0.19
49354,Smartphone,350875,0.19
30094,Impresora láser,514786,0.19
42078,Refrigeradora,214117,0.19
27043,Tablet,157563,0.19
42822,Laptop,487116,0.19
472,Televisor,399603,0.19
18498,Laptop,225966,0.19
16622,Laptop,423723,0.19
11341,Smartphone,161349,0.19
45159,Impresora láser,558936,0.19
45414,Televisor,264601,0.19
44782,Impresora láser,208226,0.19
41338,Impresora láser,152385,0.19
3868,Cámara digital,316150,0.19
47003,Televisor,364989,0.19
1558,Laptop,246203,0.19
275,Laptop,291156,0.19
43936,Auriculares inalámbricos,233408,0.19
35957,Impresora láser,474670,0.19
14353,Aspiradora robot,537162,0.19
621,Auriculares inalámbricos,368480,0.19
27228,Refrigeradora,207869,0.19
16999,Micrófono USB,543248,0.19
12861,Televisor,164805,0.19
40316,Smartphone,421609,0.19
4239,Laptop,524047,0.19
13301,Auriculares inalámbricos,223327,0.19
33706,Micrófono USB,175492,0.19
48999,Micrófono USB,523481,0.19
15390,Cámara digital,361755,0.19
21379,Refrigeradora,273750,0.19
15176,Aspiradora robot,378051,0.19
49099,Micrófono USB,503038,0.19
14949,Televisor,508343,0.19
11516,Smartphone,231096,0.19
11187,Micrófono USB,277302,0.19
41048,Tablet,196120,0.19
38315,Tablet,518293,0.19
27762,Refrigeradora,477713,0.19
39922,Auriculares inalámbricos,505889,0.19
26338,Impresora láser,412551,0.19
16833,Smartphone,161402,0.19
10894,Micrófono USB,351376,0.19
32908,Impresora láser,472401,0.19
31381,Laptop,592488,0.19
21994,Tablet,514758,0.19
10588,Micrófono USB,188294,0.19
26901,Micrófono USB,187997,0.19
633,Micrófono USB,396265,0.19
41331,Laptop,408852,0.19
30809,Tablet,268782,0.19
16973,Televisor,466907,0.19
22168,Smartphone,199465,0.19
37213,Tablet,154303,0.19
33023,Micrófono USB,594309,0.19
10104,Auriculares inalámbricos,504918,0.19
5755,Tablet,521770,0.19
39759,Laptop,526458,0.19
4379,Impresora láser,526589,0.19
9104,Tablet,179609,0.19
25432,Refrigeradora,527052,0.19
15324,Impresora láser,346741,0.19
1372,Micrófono USB,497061,0.19
19964,Televisor,319356,0.19
40202,Micrófono USB,329036,0.19
10016,Smartphone,382172,0.19
47887,Aspiradora robot,312084,0.19
27403,Televisor,192658,0.19
41346,Impresora láser,463519,0.19
45051,Tablet,253705,0.19
1452,Impresora láser,341740,0.19
10073,Auriculares inalámbricos,320492,0.19
49010,Auriculares inalámbricos,386583,0.19
41663,Impresora láser,364753,0.19
28936,Laptop,579323,0.19
47787,Cámara digital,595641,0.19
9642,Televisor,584414,0.19
35027,Televisor,238610,0.19
10865,Micrófono USB,407469,0.19
885,Refrigeradora,441476,0.19
6837,Auriculares inalámbricos,386845,0.19
11964,Televisor,150128,0.19
44217,Auriculares inalámbricos,491466,0.19
9763,Laptop,484672,0.19
37707,Smartphone,462714,0.19
21221,Micrófono USB,305632,0.19
1169,Smartphone,589938,0.19
27136,Tablet,409243,0.19
41199,Tablet,376561,0.19
36611,Impresora láser,449660,0.19
4105,Impresora láser,341873,0.19
14634,Refrigeradora,585558,0.19
10771,Auriculares inalámbricos,299128,0.19
36503,Impresora láser,400269,0.19
32889,Laptop,307642,0.19
29199,Cámara digital,323352,0.19
29944,Smartphone,174066,0.19
20497,Impresora láser,521476,0.19
49468,Televisor,506572,0.19
42257,Aspiradora robot,547017,0.19
42678,Aspiradora robot,391099,0.19
42698,Cámara digital,217714,0.19
37183,Micrófono USB,181034,0.19
15994,Tablet,527531,0.19
13122,Micrófono USB,294887,0.19
22664,Micrófono USB,528433,0.19
16752,Auriculares inalámbricos,211133,0.19
31591,Aspiradora robot,283795,0.19
20963,Cámara digital,189026,0.19
39822,Aspiradora robot,349094,0.19
28150,Tablet,303032,0.19
48235,Aspiradora robot,199282,0.19
24515,Micrófono USB,546351,0.19
10317,Auriculares inalámbricos,177673,0.19
29858,Laptop,488489,0.19
22055,Impresora láser,168066,0.19
37039,Refrigeradora,452019,0.19
28364,Aspiradora robot,223111,0.19
37337,Impresora láser,206254,0.19
32604,Laptop,219550,0.19
49525,Cámara digital,243367,0.19
27276,Micrófono USB,324908,0.19
23,Impresora láser,375066,0.19
37513,Aspiradora robot,238034,0.19
13942,Tablet,336089,0.19
48458,Laptop,240396,0.19
37873,Smartphone,465843,0.19
39753,Impresora láser,186016,0.19
13666,Tablet,445860,0.19
27409,Tablet,181222,0.19
28768,Smartphone,342771,0.19
47076,Smartphone,519066,0.19
29742,Aspiradora robot,271855,0.19
33107,Refrigeradora,312186,0.19
49543,Impresora láser,210644,0.19
10898,Refrigeradora,334272,0.19
42528,Cámara digital,597671,0.19
31147,Televisor,565033,0.19
44025,Televisor,482724,0.19
6302,Impresora láser,328047,0.19
23453,Cámara digital,598010,0.19
45519,Auriculares inalámbricos,458156,0.19
20079,Impresora láser,292674,0.19
42786,Cámara digital,302295,0.19
31102,Impresora láser,569126,0.19
33580,Micrófono USB,389170,0.19
30808,Tablet,255456,0.19
44647,Aspiradora robot,398040,0.19
41511,Cámara digital,254092,0.19
43088,Refrigeradora,427619,0.19
26637,Auriculares inalámbricos,342224,0.19
47243,Impresora láser,227656,0.19
347,Refrigeradora,437390,0.19
11771,Micrófono USB,189574,0.19
39275,Aspiradora robot,438369,0.19
19778,Auriculares inalámbricos,159865,0.19
34786,Smartphone,490956,0.19
31183,Laptop,420964,0.19
27500,Televisor,231110,0.19
14919,Impresora láser,486989,0.19
33432,Refrigeradora,456657,0.19
42992,Tablet,344983,0.19
5405,Refrigeradora,363929,0.19
11791,Auriculares inalámbricos,551374,0.19
15568,Auriculares inalámbricos,434584,0.19
44804,Televisor,261111,0.19
37381,Auriculares inalámbricos,380123,0.19
44719,Televisor,279531,0.19
38595,Refrigeradora,539647,0.19
5777,Cámara digital,172060,0.19
17835,Auriculares inalámbricos,394646,0.19
29843,Smartphone,217048,0.19
25128,Micrófono USB,567853,0.19
37910,Cámara digital,397434,0.19
16068,Laptop,487999,0.19
27047,Smartphone,419100,0.19
20758,Micrófono USB,495113,0.19
15589,Impresora láser,585077,0.19
46289,Laptop,363429,0.19
41207,Televisor,252087,0.19
26564,Refrigeradora,450381,0.19
31007,Impresora láser,566679,0.19
1889,Auriculares inalámbricos,268578,0.19
20005,Refrigeradora,303636,0.19
37386,Refrigeradora,355337,0.19
28410,Auriculares inalámbricos,290795,0.19
2883,Cámara digital,391221,0.19
48467,Tablet,217762,0.19
4197,Aspiradora robot,295289,0.19
17269,Aspiradora robot,390333,0.19
33193,Refrigeradora,564709,0.19
1077,Cámara digital,220238,0.19
26729,Tablet,461135,0.19
33039,Micrófono USB,288906,0.19
9476,Refrigeradora,512347,0.19
22792,Tablet,228587,0.19
14360,Laptop,599352,0.19
12465,Cámara digital,322916,0.19
37798,Impresora láser,455579,0.19
28243,Micrófono USB,440191,0.19
28870,Cámara digital,409821,0.19
45723,Cámara digital,213678,0.19
32551,Micrófono USB,419005,0.19
11097,Auriculares inalámbricos,348447,0.19
26941,Refrigeradora,413013,0.19
35483,Laptop,596036,0.19
22335,Smartphone,579742,0.19
18957,Aspiradora robot,513327,0.19
44880,Impresora láser,596925,0.19
23089,Impresora láser,208023,0.19
20234,Laptop,408666,0.19
26365,Aspiradora robot,516758,0.19
43495,Micrófono USB,302889,0.19
14340,Smartphone,283271,0.19
19336,Impresora láser,246989,0.19
6448,Micrófono USB,356237,0.19
2482,Televisor,543350,0.19
7737,Micrófono USB,421359,0.19
22292,Laptop,404063,0.19
42103,Televisor,572373,0.19
47730,Refrigeradora,488792,0.19
44672,Smartphone,556780,0.19
35225,Aspiradora robot,301767,0.19
3211,Micrófono USB,182859,0.19
45449,Televisor,480997,0.19
7909,Laptop,358399,0.19
10188,Tablet,495420,0.19
17706,Laptop,595351,0.19
25205,Aspiradora robot,342927,0.19
13864,Aspiradora robot,324574,0.19
41633,Smartphone,345784,0.19
43962,Tablet,569280,0.19
13098,Refrigeradora,499995,0.19
35145,Auriculares inalámbricos,478220,0.19
5032,Auriculares inalámbricos,153306,0.19
45171,Televisor,264448,0.19
13312,Aspiradora robot,484011,0.19
37543,Micrófono USB,384460,0.19
29770,Micrófono USB,517021,0.19
46247,Tablet,265884,0.19
34195,Refrigeradora,400130,0.19
12709,Laptop,223127,0.19
42597,Tablet,499732,0.19
41020,Laptop,279444,0.19
49463,Smartphone,463714,0.19
26654,Auriculares inalámbricos,376549,0.19
10774,Impresora láser,507743,0.19
3966,Televisor,571207,0.19
10706,Impresora láser,396449,0.19
2152,Tablet,590137,0.19
5274,Micrófono USB,177352,0.19
1990,Auriculares inalámbricos,195576,0.19
23177,Aspiradora robot,235032,0.19
45029,Impresora láser,151352,0.19
44492,Refrigeradora,453774,0.19
21335,Auriculares inalámbricos,382249,0.19
44408,Cámara digital,410090,0.19
47911,Tablet,342087,0.19
9101,Micrófono USB,340354,0.19
34264,Televisor,586609,0.19
22785,Aspiradora robot,466051,0.19
24176,Micrófono USB,547550,0.19
35059,Impresora láser,297677,0.19
22604,Aspiradora robot,347268,0.19
10984,Laptop,567437,0.19
15873,Smartphone,524757,0.19
44828,Auriculares inalámbricos,501506,0.19
48481,Impresora láser,421792,0.19
9821,Cámara digital,568150,0.19
17619,Cámara digital,315448,0.19
32591,Televisor,549892,0.19
36496,Laptop,206188,0.19
31101,Micrófono USB,204658,0.19
11798,Laptop,267023,0.19
43484,Refrigeradora,333660,0.19
6500,Micrófono USB,353476,0.19
28745,Auriculares inalámbricos,404812,0.19
41939,Micrófono USB,495718,0.19
34936,Auriculares inalámbricos,454388,0.19
19293,Laptop,421118,0.19
18157,Impresora láser,510557,0.19
26320,Impresora láser,506001,0.19
14772,Laptop,157446,0.19
689,Cámara digital,414428,0.19
34235,Cámara digital,255017,0.19
10069,Televisor,170991,0.19
35715,Cámara digital,292604,0.19
28680,Smartphone,158426,0.19
38821,Smartphone,429940,0.19
27943,Micrófono USB,205122,0.19
39399,Tablet,470471,0.19
14601,Micrófono USB,282517,0.19
16086,Televisor,343617,0.19
30635,Refrigeradora,276585,0.19
42750,Impresora láser,240600,0.19
9060,Cámara digital,207489,0.19
32946,Tablet,400958,0.19
46319,Aspiradora robot,492444,0.19
14247,Tablet,288152,0.19
30482,Laptop,217552,0.19
43230,Impresora láser,249611,0.19
45916,Televisor,218077,0.19
13041,Laptop,176258,0.19
2049,Auriculares inalámbricos,150226,0.19
7490,Micrófono USB,565654,0.19
9054,Aspiradora robot,263213,0.19
19515,Micrófono USB,193509,0.19
13876,Cámara digital,496336,0.19
37010,Laptop,424339,0.19
23001,Smartphone,360552,0.19
14698,Aspiradora robot,499678,0.19
42817,Tablet,243375,0.19
49725,Laptop,223982,0.19
10201,Cámara digital,569124,0.19
31297,Impresora láser,321625,0.19
46144,Impresora láser,364292,0.19
650,Impresora láser,485827,0.19
23215,Impresora láser,498197,0.19
40850,Micrófono USB,450243,0.19
22927,Laptop,326544,0.19
38481,Aspiradora robot,436402,0.19
46416,Auriculares inalámbricos,233131,0.19
41967,Micrófono USB,365234,0.19
46606,Auriculares inalámbricos,269346,0.19
18963,Cámara digital,381482,0.19
26306,Impresora láser,279064,0.19
5688,Laptop,150373,0.19
27893,Laptop,239369,0.19
25887,Refrigeradora,191545,0.19
30542,Micrófono USB,294510,0.19
35072,Tablet,588530,0.19
43383,Refrigeradora,215944,0.19
44442,Micrófono USB,561260,0.19
41203,Refrigeradora,219409,0.19
33845,Refrigeradora,425696,0.19
15128,Cámara digital,513472,0.19
32273,Auriculares inalámbricos,345023,0.19
12822,Tablet,351802,0.19
5072,Laptop,570266,0.19
7790,Televisor,358936,0.19
22687,Refrigeradora,487607,0.19
29452,Cámara digital,560823,0.19
31926,Cámara digital,257540,0.19
33595,Cámara digital,217509,0.19
32146,Refrigeradora,207027,0.19
40373,Auriculares inalámbricos,571187,0.19
30264,Aspiradora robot,204145,0.19
26592,Televisor,319793,0.19
10199,Micrófono USB,529373,0.19
10048,Tablet,160801,0.19
32234,Televisor,500131,0.19
43741,Cámara digital,574409,0.19
21307,Laptop,286649,0.19
45160,Impresora láser,239351,0.19
29676,Televisor,203032,0.19
16434,Tablet,219861,0.19
47662,Tablet,233634,0.19
35896,Impresora láser,251922,0.19
34377,Impresora láser,510500,0.19
16926,Micrófono USB,443463,0.19
6026,Impresora láser,310385,0.19
36788,Impresora láser,198585,0.19
18485,Refrigeradora,441406,0.19
24466,Auriculares inalámbricos,224636,0.19
5071,Impresora láser,330833,0.19
27457,Auriculares inalámbricos,384456,0.19
19346,Impresora láser,314421,0.19
38833,Tablet,380715,0.19
6380,Impresora láser,205524,0.19
21380,Tablet,266344,0.19
21336,Laptop,528797,0.19
31599,Smartphone,401308,0.19
7041,Micrófono USB,282851,0.19
7907,Auriculares inalámbricos,396666,0.19
18828,Refrigeradora,264413,0.19
11168,Smartphone,272834,0.19
6300,Laptop,560953,0.19
12178,Refrigeradora,413558,0.19
3516,Tablet,441582,0.19
13460,Smartphone,288711,0.19
3057,Aspiradora robot,240043,0.19
44874,Tablet,293683,0.19
35907,Laptop,496207,0.19
18814,Laptop,438918,0.19
21427,Smartphone,299524,0.19
24940,Micrófono USB,508251,0.19
24915,Aspiradora robot,451050,0.19
31499,Televisor,555848,0.19
34530,Televisor,184847,0.19
6568,Smartphone,510999,0.19
39484,Televisor,309451,0.19
39404,Impresora láser,253600,0.19
12017,Laptop,527834,0.19
4749,Smartphone,314186,0.19
17602,Cámara digital,474380,0.19
6832,Smartphone,505665,0.19
5282,Laptop,521518,0.19
13147,Aspiradora robot,286517,0.19
4147,Micrófono USB,473079,0.19
31836,Auriculares inalámbricos,315267,0.19
15694,Refrigeradora,385670,0.19
1603,Tablet,150101,0.19
35628,Televisor,166323,0.19
23563,Laptop,545432,0.19
37338,Auriculares inalámbricos,207563,0.19
17781,Cámara digital,421003,0.19
9305,Refrigeradora,591330,0.19
20248,Televisor,437284,0.19
705,Micrófono USB,575589,0.19
14798,Tablet,336756,0.19
14010,Micrófono USB,450353,0.19
34991,Micrófono USB,151057,0.19
39707,Tablet,203241,0.19
41898,Cámara digital,475775,0.19
975,Cámara digital,306654,0.19
16119,Impresora láser,469000,0.19
24978,Micrófono USB,588674,0.19
43036,Refrigeradora,520675,0.19
36549,Televisor,216051,0.19
26456,Cámara digital,175586,0.19
27473,Micrófono USB,232206,0.19
30129,Auriculares inalámbricos,185096,0.19
19770,Aspiradora robot,558519,0.19
37857,Auriculares inalámbricos,340100,0.19
30654,Micrófono USB,233428,0.19
30919,Micrófono USB,193883,0.19
31479,Televisor,486725,0.19
34118,Cámara digital,431621,0.19
1169,Auriculares inalámbricos,292425,0.19
12725,Televisor,285184,0.19
15408,Refrigeradora,430180,0.19
40812,Refrigeradora,468411,0.19
7650,Televisor,525107,0.19
47183,Auriculares inalámbricos,175303,0.19
38462,Cámara digital,336498,0.19
40405,Televisor,208618,0.19
17545,Televisor,306851,0.19
30921,Aspiradora robot,266032,0.19
49728,Smartphone,411565,0.19
26122,Cámara digital,232981,0.19
43892,Tablet,565692,0.19
17013,Aspiradora robot,177772,0.19
18255,Cámara digital,323455,0.19
14383,Laptop,556594,0.19
12399,Micrófono USB,153611,0.19
24079,Auriculares inalámbricos,358477,0.19
7597,Refrigeradora,492409,0.19
11916,Tablet,214596,0.19
7389,Smartphone,276354,0.19
39360,Auriculares inalámbricos,554957,0.19
9086,Tablet,310135,0.19
27399,Impresora láser,233126,0.19
31985,Laptop,439835,0.19
3210,Refrigeradora,562130,0.19
36600,Micrófono USB,531434,0.19
9679,Aspiradora robot,565072,0.19
49543,Smartphone,299137,0.19
44001,Laptop,174232,0.19
8887,Auriculares inalámbricos,542421,0.19
2818,Micrófono USB,585646,0.19
4959,Laptop,586977,0.19
3408,Micrófono USB,234591,0.19
8129,Tablet,298323,0.19
2773,Televisor,248674,0.19
23880,Impresora láser,548936,0.19
13523,Refrigeradora,452313,0.19
23577,Impresora láser,170151,0.19
42142,Impresora láser,537938,0.19
38281,Smartphone,216379,0.19
34282,Tablet,598453,0.19
24531,Refrigeradora,404518,0.19
14485,Smartphone,350881,0.19
17458,Refrigeradora,502574,0.19
27241,Micrófono USB,327911,0.19
38616,Micrófono USB,158917,0.19
33884,Smartphone,280380,0.19
41785,Auriculares inalámbricos,239575,0.19
14204,Cámara digital,236315,0.19
27957,Televisor,405187,0.19
29758,Tablet,498587,0.19
814,Micrófono USB,357216,0.19
33038,Laptop,273008,0.19
22342,Auriculares inalámbricos,380119,0.19
10031,Aspiradora robot,225480,0.19
10769,Televisor,154562,0.19
15406,Tablet,500049,0.19
25828,Auriculares inalámbricos,460140,0.19
25869,Laptop,406834,0.19
20202,Laptop,572177,0.19
39119,Televisor,270838,0.19
3129,Impresora láser,274137,0.19
27970,Auriculares inalámbricos,571696,0.19
27537,Refrigeradora,376115,0.19
39052,Smartphone,521667,0.19
27050,Aspiradora robot,354055,0.19
2587,Aspiradora robot,489845,0.19
36346,Tablet,216741,0.19
22999,Cámara digital,581563,0.19
42757,Televisor,172076,0.19
34786,Impresora láser,379036,0.19
13825,Cámara digital,426373,0.19
29999,Aspiradora robot,199642,0.19
42487,Televisor,235329,0.19
14484,Cámara digital,238064,0.19
19386,Impresora láser,283015,0.19
42088,Cámara digital,500645,0.19
17358,Refrigeradora,154699,0.19
34968,Impresora láser,507549,0.19
40790,Micrófono USB,580889,0.19
12593,Tablet,155668,0.19
40832,Impresora láser,175726,0.19
33968,Laptop,334249,0.19
26218,Impresora láser,237284,0.19
47302,Auriculares inalámbricos,466801,0.19
39595,Laptop,375078,0.19
24711,Micrófono USB,510898,0.19
9504,Laptop,189905,0.19
36098,Refrigeradora,448696,0.19
22834,Impresora láser,479290,0.19
13177,Auriculares inalámbricos,518421,0.19
43225,Micrófono USB,574623,0.19
37981,Laptop,500178,0.19
30340,Refrigeradora,169707,0.19
5491,Smartphone,568276,0.19
17407,Auriculares inalámbricos,432691,0.19
33772,Aspiradora robot,196274,0.19
10701,Micrófono USB,369189,0.19
45975,Laptop,315564,0.19
25226,Tablet,248591,0.19
17333,Cámara digital,155916,0.19
14606,Refrigeradora,446530,0.19
137,Micrófono USB,336450,0.19
43562,Auriculares inalámbricos,275494,0.19
32382,Tablet,219447,0.19
669,Micrófono USB,572818,0.19
21668,Micrófono USB,366984,0.19
2131,Cámara digital,169053,0.19
22793,Refrigeradora,498347,0.19
3053,Refrigeradora,563448,0.19
41012,Micrófono USB,398402,0.19
35068,Aspiradora robot,546268,0.19
38621,Televisor,325230,0.19
49775,Laptop,275333,0.19
20667,Aspiradora robot,229067,0.19
36913,Tablet,564632,0.19
29260,Micrófono USB,553322,0.19
27393,Cámara digital,465133,0.19
9862,Refrigeradora,555373,0.19
21619,Micrófono USB,249309,0.19
9474,Auriculares inalámbricos,318426,0.19
5436,Smartphone,459688,0.19
12636,Aspiradora robot,330422,0.19
7102,Aspiradora robot,379257,0.19
33953,Refrigeradora,276571,0.19
12661,Laptop,398329,0.19
34964,Cámara digital,412147,0.19
41884,Televisor,254438,0.19
38506,Cámara digital,245556,0.19
47370,Impresora láser,162981,0.19
35292,Smartphone,240277,0.19
45058,Smartphone,200539,0.19
26728,Impresora láser,550897,0.19
25481,Cámara digital,181227,0.19
17809,Smartphone,266259,0.19
49219,Cámara digital,384142,0.19
34846,Auriculares inalámbricos,352950,0.19
10568,Smartphone,221287,0.19
409,Laptop,524548,0.19
19945,Impresora láser,437566,0.19
30120,Refrigeradora,582959,0.19
33897,Aspiradora robot,356884,0.19
15482,Impresora láser,594916,0.19
3732,Auriculares inalámbricos,432669,0.19
2722,Televisor,362475,0.19
25429,Laptop,391223,0.19
38718,Impresora láser,525102,0.19
8389,Refrigeradora,226564,0.19
32956,Televisor,398963,0.19
1455,Auriculares inalámbricos,334641,0.19
34011,Smartphone,211164,0.19
37938,Televisor,499035,0.19
27443,Impresora láser,541121,0.19
13038,Tablet,161212,0.19
24827,Tablet,435174,0.19
42755,Laptop,465119,0.19
42343,Tablet,402621,0.19
49927,Micrófono USB,403385,0.19
38228,Impresora láser,380365,0.19
613,Laptop,340870,0.19
27372,Televisor,346816,0.19
47815,Refrigeradora,378113,0.19
25725,Impresora láser,391896,0.19
44755,Micrófono USB,179453,0.19
28761,Micrófono USB,228713,0.19
26822,Refrigeradora,421940,0.19
42055,Smartphone,545157,0.19
17447,Tablet,240122,0.19
13598,Laptop,453671,0.19
20878,Refrigeradora,168751,0.19
39212,Auriculares inalámbricos,413006,0.19
27206,Smartphone,467712,0.19
3470,Laptop,532569,0.19
9617,Impresora láser,179331,0.19
26168,Impresora láser,159427,0.19
27512,Refrigeradora,229698,0.19
22968,Aspiradora robot,262038,0.19
20419,Impresora láser,231052,0.19
14067,Aspiradora robot,472344,0.19
15751,Televisor,582351,0.19
17460,Cámara digital,161893,0.19
2329,Impresora láser,339317,0.19
21528,Laptop,159188,0.19
39440,Cámara digital,466582,0.19
6974,Televisor,189230,0.19
27433,Refrigeradora,465176,0.19
6163,Laptop,426749,0.19
157,Cámara digital,535141,0.19
14271,Smartphone,432124,0.19
32860,Auriculares inalámbricos,221640,0.19
13932,Refrigeradora,269301,0.19
25969,Refrigeradora,263829,0.19
14739,Impresora láser,565546,0.19
40645,Televisor,303135,0.19
49491,Impresora láser,419876,0.19
2745,Tablet,567149,0.19
16642,Refrigeradora,563967,0.19
43716,Tablet,296635,0.19
21035,Micrófono USB,329741,0.19
41865,Cámara digital,369926,0.19
41285,Televisor,445536,0.19
29617,Cámara digital,568870,0.19
15432,Laptop,472519,0.19
1779,Tablet,269547,0.19
20159,Aspiradora robot,316345,0.19
26919,Micrófono USB,291404,0.19
756,Tablet,344637,0.19
9033,Cámara digital,478844,0.19
10334,Televisor,286284,0.19
19790,Cámara digital,302523,0.19
23665,Tablet,424910,0.19
41182,Smartphone,254753,0.19
45019,Micrófono USB,240965,0.19
18463,Smartphone,577188,0.19
33237,Tablet,353616,0.19
30999,Smartphone,469344,0.19
46865,Cámara digital,410134,0.19
8515,Impresora láser,306054,0.19
28010,Smartphone,428734,0.19
1842,Refrigeradora,315193,0.19
23809,Impresora láser,342209,0.19
35177,Laptop,500215,0.19
22127,Micrófono USB,539953,0.19
32662,Smartphone,262406,0.19
26320,Auriculares inalámbricos,160574,0.19
2111,Cámara digital,455514,0.19
44267,Tablet,158814,0.19
44204,Auriculares inalámbricos,240153,0.19
32402,Laptop,299182,0.19
15790,Micrófono USB,389680,0.19
19186,Smartphone,219806,0.19
15403,Laptop,242532,0.19
1361,Impresora láser,533751,0.19
45320,Auriculares inalámbricos,440036,0.19
9554,Cámara digital,218358,0.19
48875,Smartphone,257154,0.19
42691,Televisor,342412,0.19
23453,Auriculares inalámbricos,509859,0.19
24139,Micrófono USB,505884,0.19
49508,Cámara digital,213168,0.19
48363,Televisor,464236,0.19
6817,Tablet,400735,0.19
4138,Smartphone,350848,0.19
37631,Televisor,506724,0.19
14339,Smartphone,450709,0.19
588,Aspiradora robot,521118,0.19
45168,Televisor,222128,0.19
41668,Aspiradora robot,449784,0.19
8900,Televisor,165772,0.19
17001,Tablet,453380,0.19
47983,Tablet,569044,0.19
42245,Aspiradora robot,378505,0.19
41138,Refrigeradora,406235,0.19
10187,Auriculares inalámbricos,559524,0.19
786,Tablet,454878,0.19
16930,Smartphone,163576,0.19
29391,Cámara digital,179361,0.19
4377,Impresora láser,194805,0.19
19820,Cámara digital,231940,0.19
36880,Cámara digital,393369,0.19
39594,Micrófono USB,259360,0.19
7875,Cámara digital,371180,0.19
8019,Aspiradora robot,453125,0.19
4790,Aspiradora robot,493995,0.19
23827,Laptop,586467,0.19
43810,Laptop,497942,0.19
39960,Refrigeradora,329249,0.19
18287,Impresora láser,483681,0.19
2080,Impresora láser,543651,0.19
11678,Micrófono USB,224275,0.19
7433,Televisor,281586,0.19
28332,Aspiradora robot,536840,0.19
33620,Aspiradora robot,547028,0.19
27594,Laptop,326407,0.19
680,Smartphone,332427,0.19
21869,Tablet,314512,0.19
43822,Refrigeradora,527227,0.19
351,Smartphone,599296,0.19
21810,Auriculares inalámbricos,304556,0.19
18650,Smartphone,501975,0.19
3988,Micrófono USB,395426,0.19
47792,Laptop,216222,0.19
42167,Impresora láser,395952,0.19
7407,Televisor,323069,0.19
29951,Cámara digital,458782,0.19
20312,Televisor,399538,0.19
45461,Auriculares inalámbricos,311815,0.19
45754,Tablet,519989,0.19
38961,Televisor,563253,0.19
28872,Laptop,351094,0.19
17021,Televisor,276707,0.19
18237,Impresora láser,367789,0.19
4993,Televisor,429237,0.19
8665,Aspiradora robot,519719,0.19
45044,Laptop,346904,0.19
33512,Refrigeradora,380257,0.19
26525,Cámara digital,421245,0.19
18704,Smartphone,348192,0.19
23380,Laptop,343066,0.19
20951,Televisor,415451,0.19
40438,Televisor,257933,0.19
1891,Tablet,588015,0.19
5288,Refrigeradora,328223,0.19
26524,Laptop,216170,0.19
17089,Micrófono USB,203374,0.19
31161,Smartphone,578468,0.19
46284,Tablet,273963,0.19
22986,Tablet,517351,0.19
14268,Cámara digital,349031,0.19
40042,Aspiradora robot,269277,0.19
11516,Smartphone,506899,0.19
327,Tablet,342676,0.19
33332,Auriculares inalámbricos,265098,0.19
48365,Laptop,432312,0.19
17709,Cámara digital,440698,0.19
1231,Refrigeradora,412148,0.19
42215,Laptop,417009,0.19
43871,Laptop,341076,0.19
42104,Cámara digital,320360,0.19
20074,Cámara digital,212141,0.19
27649,Micrófono USB,255094,0.19
14362,Aspiradora robot,576221,0.19
40614,Impresora láser,235526,0.19
20171,Smartphone,239875,0.19
21153,Televisor,525238,0.19
20975,Impresora láser,204325,0.19
12073,Laptop,453659,0.19
17176,Smartphone,221502,0.19
20337,Cámara digital,322289,0.19
19971,Aspiradora robot,474401,0.19
2519,Laptop,248884,0.19
13300,Micrófono USB,219540,0.19
22123,Impresora láser,583706,0.19
67,Micrófono USB,315435,0.19
21662,Auriculares inalámbricos,180158,0.19
22061,Televisor,554135,0.19
36602,Aspiradora robot,278918,0.19
18800,Impresora láser,447680,0.19
35886,Auriculares inalámbricos,275206,0.19
44088,Tablet,315243,0.19
35929,Laptop,485662,0.19
34335,Refrigeradora,499779,0.19
28389,Refrigeradora,585727,0.19
37320,Tablet,347495,0.19
14390,Cámara digital,529297,0.19
15708,Tablet,275821,0.19
27225,Cámara digital,409257,0.19
45297,Tablet,175147,0.19
19168,Tablet,480851,0.19
6881,Auriculares inalámbricos,248499,0.19
23851,Auriculares inalámbricos,156704,0.19
29775,Aspiradora robot,330054,0.19
16003,Aspiradora robot,339743,0.19
40248,Refrigeradora,545933,0.19
15354,Tablet,263473,0.19
3481,Laptop,474748,0.19
33550,Impresora láser,533138,0.19
9488,Tablet,599061,0.19
43064,Micrófono USB,405093,0.19
43542,Cámara digital,375117,0.19
21505,Smartphone,546565,0.19
46400,Smartphone,420310,0.19
42734,Smartphone,383287,0.19
26028,Auriculares inalámbricos,293529,0.19
10998,Cámara digital,551393,0.19
15990,Televisor,394454,0.19
42312,Cámara digital,476322,0.19
32634,Televisor,293248,0.19
28777,Micrófono USB,251499,0.19
26534,Auriculares inalámbricos,447150,0.19
21043,Cámara digital,196152,0.19
7162,Televisor,424799,0.19
20737,Micrófono USB,221705,0.19
26527,Impresora láser,531410,0.19
4125,Laptop,493348,0.19
31313,Micrófono USB,366306,0.19
8070,Auriculares inalámbricos,516494,0.19
18669,Smartphone,313210,0.19
20883,Smartphone,597917,0.19
2900,Auriculares inalámbricos,401685,0.19
795,Cámara digital,299606,0.19
8678,Tablet,351057,0.19
28117,Impresora láser,285636,0.19
46932,Televisor,364222,0.19
20478,Smartphone,583066,0.19
25793,Tablet,270296,0.19
5319,Tablet,560880,0.19
45625,Televisor,215927,0.19
30356,Impresora láser,544645,0.19
12253,Auriculares inalámbricos,204931,0.19
4467,Cámara digital,554650,0.19
21298,Refrigeradora,310342,0.19
34368,Impresora láser,393150,0.19
29845,Laptop,224475,0.19
9797,Auriculares inalámbricos,253270,0.19
49858,Impresora láser,408239,0.19
7163,Smartphone,397590,0.19
28745,Aspiradora robot,190789,0.19
17373,Smartphone,306308,0.19
21506,Laptop,351551,0.19
26882,Refrigeradora,404883,0.19
3175,Televisor,189321,0.19
38882,Auriculares inalámbricos,308556,0.19
38173,Tablet,301444,0.19
28586,Televisor,340319,0.19
1902,Laptop,292659,0.19
20892,Cámara digital,574939,0.19
1939,Smartphone,515385,0.19
30852,Laptop,335761,0.19
5376,Impresora láser,349845,0.19
24010,Impresora láser,196359,0.19
1619,Impresora láser,232704,0.19
22130,Auriculares inalámbricos,170250,0.19
3624,Laptop,444997,0.19
19220,Televisor,317188,0.19
25557,Smartphone,575099,0.19
18247,Cámara digital,507984,0.19
41802,Smartphone,226815,0.19
24625,Cámara digital,450189,0.19
2494,Micrófono USB,194771,0.19
34771,Aspiradora robot,215502,0.19
23285,Laptop,265736,0.19
32229,Laptop,206019,0.19
26306,Aspiradora robot,579932,0.19
5297,Micrófono USB,287716,0.19
36609,Auriculares inalámbricos,437616,0.19
7083,Aspiradora robot,410826,0.19
